x,y,score,class,conv
6.859394482196058,2.281547837530169,64.47457694763754,"2.1, 2.0",initial
8.773101729851138,3.519871525995754,64.47457694763754,"8.5, 8.4",initial
9.4922770662518,9.16009668529332,64.47457694763753,"8.5, 8.4",initial
4.265216398278758,7.0437258761303845,64.47457694763754,"8.5, 8.4",initial
1.568081376258058,2.210761671205227,60.95786138807113,"2.1, 2.0",initial
3.8947678346503056,2.444782237297459,64.47457694763754,"2.1, 2.0",initial
9.709808966296247,9.744783999317264,61.06137816674858,"8.5, 8.4",initial
6.84260420572398,3.5912323729972293,62.47886302831513,"2.1, 2.0",initial
0.9415097140072415,9.889332882176836,51.445365815036595,"8.5, 8.4",initial
1.4374245716313472,7.284967298941558,64.24363095363591,"2.1, 2.0",initial
6.348189895899293,7.2605716888043865,64.47457694763754,"8.5, 8.4",initial
0.7979859026360481,7.636486598074523,62.87521949542813,"2.1, 2.0",initial
7.415464671964211,3.868928539692548,61.68843357572534,"8.5, 8.4",initial
1.5936752710477653,6.855567683985189,64.47457694763754,"2.1, 2.0",initial
9.92479720155105,2.653689147812124,60.58102289275716,"8.5, 8.4",initial
5.647027689686142,0.6086722372224074,63.886884410284246,"2.1, 2.0",initial
8.71937396203524,9.10748367407233,64.47457694763754,"8.5, 8.4",initial
7.452938218527345,8.383278528115481,64.47457694763754,"8.5, 8.4",initial
7.837384463989575,0.7761845383244614,64.47457694763754,"2.1, 2.0",initial
9.054684103798285,4.358358716660593,64.47457694763754,"8.5, 8.4",initial
3.550203420722754,4.401352984508451,64.47457694763754,"2.1, 2.0",initial
3.175018359669366,2.3548254635705703,64.47457694763754,"2.1, 2.0",initial
6.30523478080375,3.582273718992761,64.47457694763754,"2.1, 2.0",initial
7.589187886293988,6.213000193131957,64.47457694763754,"8.5, 8.4",initial
3.000943839403382,1.2486907471346431,63.66024602941838,"2.1, 2.0",initial
0.0,0.0,64.47457694763754,"0.0, 0.0",initial
0.0,0.0,64.47457694763754,"0.0, 0.0",initial
10.0,0.0,64.47457694763754,"2.1, 2.0",initial
10.0,0.0,64.47457694763754,"2.1, 2.0",initial
1.269949400378676,7.134429038040939,64.47457694763754,"2.1, 2.0",64.47457694763754
3.4889590368105052,1.9185809516308905,64.47457694763754,"2.1, 2.0",64.47457694763754
1.1652876021061376,7.291173871962995,64.47457694763754,"2.1, 2.0",64.47457694763754
3.157587169171129,1.502548830374476,64.47457694763754,"2.1, 2.0",64.47457694763754
9.320737810185932,9.056075861053458,64.47457694763754,"8.5, 8.4",64.47457694763754
8.7438776972703,3.9500441015359034,64.47457694763754,"8.5, 8.4",64.47457694763754
6.908026530717918,3.553112339056871,64.54967386376518,"2.1, 2.0",64.54967386376518
3.2277499707335755,2.099360378856896,64.54967386376518,"2.1, 2.0",64.54967386376518
9.09786775818853,3.753335012870064,64.54967386376518,"8.5, 8.4",64.54967386376518
3.170182970970279,2.052295990170693,64.54967386376518,"2.1, 2.0",64.54967386376518
3.1342303502188495,2.3109108015879345,64.54967386376518,"2.1, 2.0",64.54967386376518
2.814366181432195,1.8363043918234456,64.54967386376518,"2.1, 2.0",64.54967386376518
3.0793895304146623,2.1637654888317703,64.54967386376518,"2.1, 2.0",64.54967386376518
8.591622547429248,3.813938186209792,64.54967386376518,"8.5, 8.4",64.54967386376518
9.149062158210048,9.267425574406365,64.54967386376518,"8.5, 8.4",64.54967386376518
3.216738027618277,2.3638809135274497,64.54967386376518,"2.1, 2.0",64.54967386376518
8.648047971838592,3.5582355599720317,64.54967386376518,"8.5, 8.4",64.54967386376518
6.965339033612107,3.363372039881223,64.54967386376518,"2.1, 2.0",64.54967386376518
8.974354842495211,3.7990789793012345,64.54967386376518,"8.5, 8.4",64.54967386376518
3.4057233643057385,2.1364767615786953,64.54967386376518,"2.1, 2.0",64.54967386376518
6.62765988456912,3.1838930722796777,64.54967386376518,"2.1, 2.0",64.54967386376518
2.969020529569689,1.8240716915564725,64.54967386376518,"2.1, 2.0",64.54967386376518
8.792160120608433,4.28602144620895,64.54967386376518,"8.5, 8.4",64.54967386376518
1.32013050072893,7.1441823230881685,64.54967386376518,"2.1, 2.0",64.54967386376518
2.7572769560235777,1.8856193303865831,64.54967386376518,"2.1, 2.0",64.54967386376518
9.268139009450215,9.396054361334436,64.54967386376518,"8.5, 8.4",64.54967386376518
6.772032519376498,3.473942802384371,64.54967386376518,"2.1, 2.0",64.54967386376518
3.04027222162772,1.6711411278843002,64.54967386376518,"2.1, 2.0",64.54967386376518
8.62055954653157,3.984718517920883,64.54967386376518,"8.5, 8.4",64.54967386376518
8.886603295674664,3.8066423052260925,64.54967386376518,"8.6, 8.4",64.54967386376518
8.823136349231719,3.9732458669417525,64.54967386376518,"8.5, 8.4",64.54967386376518
9.387804914307578,9.222271305188007,64.54967386376518,"8.6, 8.4",64.54967386376518
8.850164395866626,9.216904752729768,66.0041597929876,"8.6, 8.4",66.0041597929876
9.2338292417704,9.23143337957609,66.0041597929876,"8.5, 8.4",66.0041597929876
6.9470654506515785,7.142525655982826,66.0041597929876,"8.5, 8.4",66.0041597929876
6.875873206217187,7.476260110523091,66.0041597929876,"8.5, 8.4",66.0041597929876
9.125150364352407,9.156622062951435,66.0041597929876,"8.5, 8.4",66.0041597929876
6.879617368321172,7.352829170503272,66.0041597929876,"8.5, 8.4",66.0041597929876
7.043362447896695,7.202341814249804,66.0041597929876,"8.5, 8.4",66.0041597929876
8.51725903449949,3.9080983900017987,66.0041597929876,"8.5, 8.4",66.0041597929876
6.469217214683335,3.3083097971391218,66.0041597929876,"2.1, 2.0",66.0041597929876
3.2863686435518757,2.10455994448583,66.0041597929876,"2.1, 2.0",66.0041597929876
9.121718360091144,3.629867300282852,66.0041597929876,"8.5, 8.4",66.0041597929876
7.017199307574053,7.476481317696537,66.0041597929876,"8.5, 8.4",66.0041597929876
8.88220310862859,3.8481907343029933,66.01530588683413,"8.6, 8.4",66.01530588683413
7.061789309043566,7.273403854741312,66.01530588683413,"8.5, 8.4",66.01530588683413
6.847280200175206,7.365229867277588,66.01530588683413,"8.5, 8.4",66.01530588683413
7.385110340631737,7.523454144184331,66.01530588683413,"8.5, 8.4",66.01530588683413
7.081590214636533,7.429148530535766,66.01530588683413,"8.5, 8.4",66.01530588683413
8.777720558473986,3.88121971308081,66.01530588683413,"8.5, 8.4",66.01530588683413
3.3773958851020525,2.2974836913457732,66.01530588683413,"2.1, 2.0",66.01530588683413
8.953913010026307,3.64903093556023,66.01530588683413,"8.5, 8.4",66.01530588683413
9.049272046560379,9.157121037595818,66.01530588683413,"8.5, 8.4",66.01530588683413
3.2215092372109257,2.1187428698183863,66.01530588683413,"2.1, 2.0",66.01530588683413
3.031678943166937,1.7065285789345797,66.01530588683413,"2.1, 2.0",66.01530588683413
6.80689901606316,3.4017064257000484,66.01530588683413,"2.1, 2.0",66.01530588683413
6.906059380434457,3.147632688770737,66.01530588683413,"2.1, 2.0",66.01530588683413
8.789306904319234,3.887603615754011,66.01530588683413,"8.5, 8.4",66.01530588683413
9.134708471589573,9.17585232665534,66.01530588683413,"8.5, 8.4",66.01530588683413
7.136178540120661,7.616994202020567,66.01530588683413,"8.5, 8.4",66.01530588683413
8.828242319004309,3.7350364051344567,66.01530588683413,"8.5, 8.4",66.01530588683413
7.013035226945582,7.069291896937745,66.01530588683413,"8.5, 8.4",66.01530588683413
6.884813157880103,3.368842414960426,66.01530588683413,"2.1, 2.0",66.01530588683413
7.250047285133836,7.595606902088024,66.01530588683413,"8.5, 8.4",66.01530588683413
9.346064430689475,9.126761780768677,66.01530588683413,"8.5, 8.4",66.01530588683413
7.261055771537718,7.487430402386128,66.01530588683413,"8.5, 8.4",66.01530588683413
8.713572157595156,3.759256290101285,66.01530588683413,"8.5, 8.4",66.01530588683413
7.390746182583371,7.285871506312077,66.01530588683413,"8.5, 8.4",66.01530588683413
7.371730384999643,6.508833889056566,66.01530588683413,"8.5, 8.4",66.01530588683413
3.3795086822309006,2.056855331908398,66.01530588683413,"2.1, 2.0",66.01530588683413
7.230949981881645,7.421813642622971,66.01530588683413,"8.5, 8.4",66.01530588683413
3.4103369558389973,2.056159611046077,66.01530588683413,"2.1, 2.0",66.01530588683413
3.3024585610952117,2.2233676235615354,66.01530588683413,"2.1, 2.0",66.01530588683413
7.288208747650859,7.010487542712025,66.01530588683413,"8.5, 8.4",66.01530588683413
9.138741925019305,9.168739252782913,66.01530588683413,"8.5, 8.4",66.01530588683413
9.112337522112071,9.326781514940174,66.01530588683413,"8.5, 8.4",66.01530588683413
7.036523596086984,7.446657859836919,66.01530588683413,"8.5, 8.4",66.01530588683413
7.005757428869237,6.761580023872957,66.01530588683413,"8.5, 8.4",66.01530588683413
7.147982128621249,6.720346218710428,66.01530588683413,"8.5, 8.4",66.01530588683413
9.07119894179161,9.13813516740787,66.01530588683413,"8.5, 8.4",66.01530588683413
3.532301435971129,2.0569062706741814,66.01530588683413,"2.1, 2.0",66.01530588683413
3.2458304917116534,1.9701863450457735,66.01530588683413,"2.1, 2.0",66.01530588683413
3.376069853864659,2.268095020986094,66.01530588683413,"2.1, 2.0",66.01530588683413
3.2346041013503903,1.7858308280619006,66.01530588683413,"2.1, 2.0",66.01530588683413
7.4720774991318315,6.695247516040594,66.01530588683413,"8.5, 8.4",66.01530588683413
6.940251221691424,3.3795339963914808,66.01530588683413,"2.1, 2.0",66.01530588683413
7.319969320624466,7.068224276759674,66.01530588683413,"8.5, 8.4",66.01530588683413
7.352137873881393,6.4028991401985325,66.01530588683413,"8.5, 8.4",66.01530588683413
6.964134074797032,6.748239515800488,66.01530588683413,"8.5, 8.4",66.01530588683413
7.061559718251505,3.1347874286936106,66.01530588683413,"2.1, 2.0",66.01530588683413
6.925260234382494,3.055500346135369,66.01530588683413,"2.1, 2.0",66.01530588683413
6.947336007333118,7.135315975288461,66.01530588683413,"8.5, 8.4",66.01530588683413
7.104171008772203,7.658366389016943,66.01530588683413,"8.5, 8.4",66.01530588683413
7.280245744856826,6.648453671087669,66.01530588683413,"8.5, 8.4",66.01530588683413
7.322581436871781,7.299865791659449,66.01530588683413,"8.5, 8.4",66.01530588683413
3.3426413486576423,2.121227592115079,66.01530588683413,"2.1, 2.0",66.01530588683413
7.349399428897284,7.7284975655084835,66.01530588683413,"8.5, 8.4",66.01530588683413
3.1608773315553087,1.9917000417182051,66.01530588683413,"2.1, 2.0",66.01530588683413
6.859295619731411,3.349601286728623,66.01530588683413,"2.1, 2.0",66.01530588683413
3.002274274017347,1.5515852316071055,66.01530588683413,"2.1, 2.0",66.01530588683413
3.29104776264301,1.9312523906760715,66.01530588683413,"2.1, 2.0",66.01530588683413
7.364052689039,7.440289278264492,66.01530588683413,"8.5, 8.4",66.01530588683413
6.87326687136554,6.9886154387099335,66.01530588683413,"8.5, 8.4",66.01530588683413
7.067420596027406,7.228506119515759,66.01530588683413,"8.5, 8.4",66.01530588683413
8.46130630207719,3.884151889078269,66.01530588683413,"8.5, 8.4",66.01530588683413
7.325620849705046,7.100914627502499,66.01530588683413,"8.5, 8.4",66.01530588683413
7.026788889660317,6.910184374396372,66.01530588683413,"8.5, 8.4",66.01530588683413
3.291933740642572,1.8170040153209566,66.01530588683413,"2.1, 2.0",66.01530588683413
3.033987017002188,1.592346900186985,66.01530588683413,"2.1, 2.0",66.01530588683413
7.214330573341153,6.835174386805748,66.01530588683413,"8.5, 8.4",66.01530588683413
3.6486874167235284,2.3218519133308915,66.01530588683413,"2.1, 2.0",66.01530588683413
7.0218928005919885,6.896969188231803,66.01530588683413,"8.5, 8.4",66.01530588683413
7.06920189330094,7.582683482638267,66.01530588683413,"8.5, 8.4",66.01530588683413
7.1175105946568396,6.838175749780405,66.01530588683413,"8.5, 8.4",66.01530588683413
8.671906816868585,4.111954318192281,66.57937932451016,"8.6, 8.4",66.57937932451016
7.094471892835231,6.744891238416839,66.57937932451016,"8.5, 8.4",66.57937932451016
6.73389557817337,3.003593603141227,66.57937932451016,"2.1, 2.0",66.57937932451016
3.237805580995188,2.2012041004107994,66.57937932451016,"2.1, 2.0",66.57937932451016
3.4177012528524306,2.114788477393269,66.57937932451016,"2.1, 2.0",66.57937932451016
6.7715298196691425,2.9625431633161936,66.57937932451016,"2.1, 2.0",66.57937932451016
9.420176791008,9.352038182563911,66.66931378006547,"8.6, 8.4",66.66931378006547
6.846629582697158,3.196893793893519,66.66931378006547,"2.1, 2.0",66.66931378006547
3.4795432269819426,2.0565181461929303,66.66931378006547,"2.1, 2.0",66.66931378006547
3.1510761852584745,1.5587060254112273,66.66931378006547,"2.1, 2.0",66.66931378006547
6.9026593925556,3.134290281370423,66.66931378006547,"2.1, 2.0",66.66931378006547
2.9845664527468143,1.7739632802484318,66.66931378006547,"2.1, 2.0",66.66931378006547
3.468118931011601,2.0572422969551987,66.66931378006547,"2.1, 2.0",66.66931378006547
3.0465400172391233,1.7569559037634308,66.66931378006547,"2.1, 2.0",66.66931378006547
8.999937934873012,4.020079605182096,66.66931378006547,"8.5, 8.4",66.66931378006547
6.65146717085209,7.361580787090208,66.66931378006547,"8.5, 8.4",66.66931378006547
6.912668101930771,7.232968795192205,66.66931378006547,"8.5, 8.4",66.66931378006547
6.937701444842594,6.978898728525315,66.66931378006547,"8.5, 8.4",66.66931378006547
6.987946861779799,7.216423637632914,66.66931378006547,"8.5, 8.4",66.66931378006547
6.583790513276606,7.369368358983506,66.66931378006547,"8.5, 8.4",66.66931378006547
6.919906024986639,2.844414123643222,66.66931378006547,"2.1, 2.0",66.66931378006547
7.180387904371553,6.770482742919329,66.66931378006547,"8.5, 8.4",66.66931378006547
8.770985742854501,4.006807784497749,66.66931378006547,"8.5, 8.4",66.66931378006547
8.789604680574758,3.9182939013620324,66.66931378006547,"8.5, 8.4",66.66931378006547
6.5739904303406185,3.178852688627487,66.66931378006547,"2.1, 2.0",66.66931378006547
8.938273170849321,3.733660068856577,66.66931378006547,"8.5, 8.4",66.66931378006547
7.280925392345634,6.932351883136294,66.66931378006547,"8.5, 8.4",66.66931378006547
6.755635877461392,3.1347444099855517,66.66931378006547,"2.1, 2.0",66.66931378006547
7.505763477296626,7.688386532819161,66.66931378006547,"8.5, 8.4",66.66931378006547
9.027359794443935,9.199832346604568,66.66931378006547,"8.5, 8.4",66.66931378006547
7.121391479383751,7.240025470473195,66.66931378006547,"8.5, 8.4",66.66931378006547
7.044912022811855,6.744905339612892,66.66931378006547,"8.5, 8.4",66.66931378006547
7.145840130494129,7.94966723964361,66.66931378006547,"8.5, 8.4",66.66931378006547
7.278449656833414,7.188056638632075,66.66931378006547,"8.5, 8.4",66.66931378006547
7.0161114624742185,7.500759203466936,66.66931378006547,"8.5, 8.4",66.66931378006547
7.149036308428428,6.868310812789434,66.66931378006547,"8.5, 8.4",66.66931378006547
3.2605838027026444,1.9517419925840729,66.66931378006547,"2.1, 2.0",66.66931378006547
7.556430188354501,6.537720343378995,66.66931378006547,"8.5, 8.4",66.66931378006547
6.494910708637594,7.155517372155819,66.66931378006547,"8.5, 8.4",66.66931378006547
8.73085735226753,4.082535212179089,66.66931378006547,"8.5, 8.4",66.66931378006547
3.130816445866741,1.8053110924172877,66.66931378006547,"2.1, 2.0",66.66931378006547
7.39762683599955,7.579299645570407,66.66931378006547,"8.5, 8.4",66.66931378006547
3.3367686316732934,1.9149052480319362,66.66931378006547,"2.1, 2.0",66.66931378006547
7.273041664424666,7.625580065941275,66.66931378006547,"8.5, 8.4",66.66931378006547
7.057523973719918,3.0314416544269362,66.66931378006547,"2.1, 2.0",66.66931378006547
6.842942641609025,3.281225800163099,66.66931378006547,"2.1, 2.0",66.66931378006547
7.172139430273232,6.743383288784558,66.66931378006547,"8.5, 8.4",66.66931378006547
6.754950247776578,2.952671671828442,66.66931378006547,"2.1, 2.0",66.66931378006547
6.9315185758575915,3.138566231316753,66.66931378006547,"2.1, 2.0",66.66931378006547
7.367211397653345,8.013013574715234,66.66931378006547,"8.5, 8.4",66.66931378006547
7.229203344860261,6.771545516301912,66.66931378006547,"8.5, 8.4",66.66931378006547
6.8598647750371775,3.3152460368897585,66.66931378006547,"2.1, 2.0",66.66931378006547
7.3516761462538955,7.737883927707428,66.66931378006547,"8.5, 8.4",66.66931378006547
7.163862909774663,6.888027256660038,66.66931378006547,"8.5, 8.4",66.66931378006547
7.338359853721287,6.701120230821237,66.66931378006547,"8.5, 8.4",66.66931378006547
7.307579713372862,7.840021230800051,66.66931378006547,"8.5, 8.4",66.66931378006547
7.377760203870963,7.446101602666889,66.66931378006547,"8.5, 8.4",66.66931378006547
7.230570455407187,7.270776370397385,66.66931378006547,"8.5, 8.4",66.66931378006547
6.718065899906578,7.058056767530836,66.66931378006547,"8.5, 8.4",66.66931378006547
7.3058774763594325,6.675477137734188,66.66931378006547,"8.5, 8.4",66.66931378006547
9.242648485000517,9.24949556771085,66.66931378006547,"8.5, 8.4",66.66931378006547
7.203406968944651,6.84778147838069,66.66931378006547,"8.5, 8.4",66.66931378006547
7.180053303673876,7.161678005855375,66.66931378006547,"8.5, 8.4",66.66931378006547
7.430799221126626,7.947708936165775,66.66931378006547,"8.5, 8.4",66.66931378006547
7.2522654159583215,6.58382204723274,66.66931378006547,"8.5, 8.4",66.66931378006547
7.232116772854228,6.701615995604872,66.66931378006547,"8.5, 8.4",66.66931378006547
6.739531542450842,2.6102305251860756,66.66931378006547,"2.1, 2.0",66.66931378006547
3.15702984782829,1.461915028116204,66.66931378006547,"2.1, 2.0",66.66931378006547
6.829345833886017,3.2700097999577817,66.66931378006547,"2.1, 2.0",66.66931378006547
8.78107636907657,3.812234218295142,66.66931378006547,"8.5, 8.4",66.66931378006547
7.257710049584116,6.649404186507728,66.66931378006547,"8.5, 8.4",66.66931378006547
6.8649287257913025,3.0244191498665653,66.66931378006547,"2.1, 2.0",66.66931378006547
3.313521755668992,2.145984811097458,66.66931378006547,"2.1, 2.0",66.66931378006547
7.229265283184625,6.575623558819789,66.66931378006547,"8.5, 8.4",66.66931378006547
7.2852891484408175,6.361930820732789,66.66931378006547,"8.5, 8.4",66.66931378006547
6.639883933896451,3.0995959923910843,66.66931378006547,"2.1, 2.0",66.66931378006547
3.172880371345035,2.025820016929077,66.66931378006547,"2.1, 2.0",66.66931378006547
7.013339324026857,2.986190864702132,66.66931378006547,"2.1, 2.0",66.66931378006547
8.817409458903514,4.2803156548373025,66.66931378006547,"8.5, 8.4",66.66931378006547
3.2241362436864494,1.7964421842140232,66.66931378006547,"2.1, 2.0",66.66931378006547
7.360749499456328,7.867816015009291,66.66931378006547,"8.5, 8.4",66.66931378006547
7.28216993298183,6.9785535845045406,66.66931378006547,"8.5, 8.4",66.66931378006547
7.517638718223898,7.947754435617443,66.66931378006547,"8.5, 8.4",66.66931378006547
7.287455000513887,6.6168563250974515,66.66931378006547,"8.5, 8.4",66.66931378006547
6.745144491791825,2.650329276268363,66.66931378006547,"2.1, 2.0",66.66931378006547
9.225650053560715,9.111617531426155,66.66931378006547,"8.5, 8.4",66.66931378006547
7.007807206600579,7.054084126194951,66.66931378006547,"8.5, 8.4",66.66931378006547
7.553832054098381,8.124699219521322,66.66931378006547,"8.5, 8.4",66.66931378006547
7.0784560089970805,6.9687276073028706,66.66931378006547,"8.5, 8.4",66.66931378006547
7.438279404252949,6.633861052688864,66.66931378006547,"8.5, 8.4",66.66931378006547
7.315167749110223,6.822598315620507,66.66931378006547,"8.5, 8.4",66.66931378006547
6.976319893751994,3.20024709473378,66.66931378006547,"2.1, 2.0",66.66931378006547
7.196412499634396,7.60219953527331,66.66931378006547,"8.5, 8.4",66.66931378006547
1.1436409297431005,7.386040727432941,66.66931378006547,"2.1, 2.0",66.66931378006547
3.5209312403954964,1.9902180259815005,66.66931378006547,"2.1, 2.0",66.66931378006547
7.059256193139797,7.66269493478248,66.66931378006547,"8.5, 8.4",66.66931378006547
7.430795168129252,8.058461313261795,66.66931378006547,"8.5, 8.4",66.66931378006547
7.083995419557531,7.167071263335912,66.66931378006547,"8.5, 8.4",66.66931378006547
7.350498748396293,6.541238803589218,66.66931378006547,"8.5, 8.4",66.66931378006547
6.94503336792077,7.936236780246219,66.66931378006547,"8.5, 8.4",66.66931378006547
7.397231414556314,6.707122590251586,66.66931378006547,"8.5, 8.4",66.66931378006547
7.235530565186973,7.947089694248359,66.66931378006547,"8.5, 8.4",66.66931378006547
7.439690719395506,8.003476099720915,66.66931378006547,"8.5, 8.4",66.66931378006547
7.330603045340501,6.987032233534408,66.66931378006547,"8.5, 8.4",66.66931378006547
6.871646192787699,3.2426159954009384,66.66931378006547,"2.1, 2.0",66.66931378006547
7.525524138742825,8.035384143446148,66.66931378006547,"8.5, 8.4",66.66931378006547
7.133664338512153,6.938768883051316,66.66931378006547,"8.5, 8.4",66.66931378006547
6.8065168573361525,2.8280519596254585,66.66931378006547,"2.1, 2.0",66.66931378006547
7.147590075344413,7.430687279377548,66.66931378006547,"8.5, 8.4",66.66931378006547
6.81122421654922,2.9963741845265943,66.66931378006547,"2.1, 2.0",66.66931378006547
3.150682372433388,1.787326435243467,66.66931378006547,"2.1, 2.0",66.66931378006547
7.607984373511114,7.89599982265064,66.66931378006547,"8.5, 8.4",66.66931378006547
2.9704200861758254,1.7514685706857347,66.66931378006547,"2.1, 2.0",66.66931378006547
7.357287133147849,6.653021857519411,66.66931378006547,"8.5, 8.4",66.66931378006547
3.270901301037817,1.9853750114524171,66.66931378006547,"2.1, 2.0",66.66931378006547
7.1758228580321095,6.876247105801182,66.66931378006547,"8.5, 8.4",66.66931378006547
6.915021048751698,3.1659883161695324,66.66931378006547,"2.1, 2.0",66.66931378006547
3.2112317670862787,1.7796909496146496,66.66931378006547,"2.1, 2.0",66.66931378006547
3.5967321646596204,2.194688923690177,66.66931378006547,"2.1, 2.0",66.66931378006547
6.723037956493884,3.1825851734036057,66.66931378006547,"2.1, 2.0",66.66931378006547
6.647583533767703,3.0153336252436,66.66931378006547,"2.1, 2.0",66.66931378006547
3.3388661775987383,1.8084529353243783,66.66931378006547,"2.1, 2.0",66.66931378006547
6.740492482709789,7.331250001760407,66.66931378006547,"8.5, 8.4",66.66931378006547
3.6169499031047367,2.4598501327623934,66.66931378006547,"2.1, 2.0",66.66931378006547
6.990460231285155,7.4815321825358625,66.66931378006547,"8.5, 8.4",66.66931378006547
6.655910262404757,3.025237774826194,66.66931378006547,"2.1, 2.0",66.66931378006547
7.210041885711318,7.406847836336881,66.66931378006547,"8.5, 8.4",66.66931378006547
3.3150706688248874,1.9038244314066988,66.66931378006547,"2.1, 2.0",66.66931378006547
3.3090268871282245,2.3258132987980282,66.66931378006547,"2.1, 2.0",66.66931378006547
7.324259712743615,6.909787013602888,66.66931378006547,"8.5, 8.4",66.66931378006547
7.037286621527903,3.2750610997545415,66.66931378006547,"2.1, 2.0",66.66931378006547
3.0217000455153364,1.8054122933271177,66.66931378006547,"2.1, 2.0",66.66931378006547
7.332941054527327,6.611894138338198,66.66931378006547,"8.5, 8.4",66.66931378006547
7.15849546597352,7.284944659350849,66.66931378006547,"8.5, 8.4",66.66931378006547
7.159573217683434,7.072747336891101,66.66931378006547,"8.5, 8.4",66.66931378006547
6.726376872880761,3.2332266995403227,66.66931378006547,"2.1, 2.0",66.66931378006547
6.721278601362144,7.3290508065972855,66.66931378006547,"8.5, 8.4",66.66931378006547
8.942827564527132,9.00164202576303,66.66931378006547,"8.5, 8.4",66.66931378006547
8.984652744846205,9.140632042913468,66.66931378006547,"8.5, 8.4",66.66931378006547
1.3850929147401991,7.071560027146283,66.66931378006547,"2.1, 2.0",66.66931378006547
7.416441160609368,7.611234766475982,66.66931378006547,"8.5, 8.4",66.66931378006547
7.225097121942713,6.9016217274269644,66.66931378006547,"8.5, 8.4",66.66931378006547
7.319419936892066,7.720508131768832,66.66931378006547,"8.5, 8.4",66.66931378006547
7.0992871586916415,7.0402384223414405,66.66931378006547,"8.5, 8.4",66.66931378006547
3.0605012341622873,2.0247304735512515,66.66931378006547,"2.1, 2.0",66.66931378006547
3.1701935801684678,2.0004776663280746,66.66931378006547,"2.1, 2.0",66.66931378006547
6.862020597960471,3.3371940842171934,66.66931378006547,"2.1, 2.0",66.66931378006547
7.363327524950025,7.870055849339818,66.66931378006547,"8.5, 8.4",66.66931378006547
9.290113964018472,9.231787740183869,66.66931378006547,"8.5, 8.4",66.66931378006547
6.847633014014062,7.1737309031182885,66.66931378006547,"8.5, 8.4",66.66931378006547
7.298975111375812,6.686237177425934,66.66931378006547,"8.5, 8.4",66.66931378006547
6.805117250051893,7.358416290858393,66.66931378006547,"8.5, 8.4",66.66931378006547
7.213260262039571,7.578160751557036,66.66931378006547,"8.5, 8.4",66.66931378006547
3.517337824329662,2.2325126168187537,66.66931378006547,"2.1, 2.0",66.66931378006547
9.0115255291704,4.147973196327063,66.66931378006547,"8.5, 8.4",66.66931378006547
6.7574260085583395,2.8951115748439937,66.66931378006547,"2.1, 2.0",66.66931378006547
7.113656677601207,8.008832920023186,66.66931378006547,"8.5, 8.4",66.66931378006547
6.990937203170562,2.969161850348121,66.66931378006547,"2.1, 2.0",66.66931378006547
7.085974891378898,7.148605433589973,66.66931378006547,"8.5, 8.4",66.66931378006547
3.4081196422611857,2.0680665465997494,66.66931378006547,"2.1, 2.0",66.66931378006547
6.783896283605664,3.0866556073847895,66.66931378006547,"2.1, 2.0",66.66931378006547
8.430605042604242,4.075280311680009,66.66931378006547,"8.5, 8.4",66.66931378006547
7.572321531853859,8.012500556153483,66.66931378006547,"8.5, 8.4",66.66931378006547
6.981175710724167,7.509826487309532,66.66931378006547,"8.5, 8.4",66.66931378006547
7.2959860295524805,6.892105557111189,66.66931378006547,"8.5, 8.4",66.66931378006547
6.765361067419919,2.7589107147965386,66.66931378006547,"2.1, 2.0",66.66931378006547
6.286357398863572,3.0697248461107094,66.66931378006547,"2.1, 2.0",66.66931378006547
7.279353339576073,6.760672503815113,66.66931378006547,"8.5, 8.4",66.66931378006547
9.086295614436485,9.218037281157086,66.66931378006547,"8.5, 8.4",66.66931378006547
9.042795333493338,9.146846875031526,66.66931378006547,"8.5, 8.4",66.66931378006547
6.683951009130863,3.2852165444894785,66.66931378006547,"2.1, 2.0",66.66931378006547
7.207632436700786,6.5913712332473615,66.66931378006547,"8.5, 8.4",66.66931378006547
7.170661990574705,7.39439088877485,66.66931378006547,"8.5, 8.4",66.66931378006547
6.8111567820941925,7.341181378555093,66.66931378006547,"8.5, 8.4",66.66931378006547
6.572566718434229,3.0985642671265157,66.66931378006547,"2.1, 2.0",66.66931378006547
6.652971363668532,2.9404406694549934,66.66931378006547,"2.1, 2.0",66.66931378006547
7.506634922773242,8.018822733390827,66.66931378006547,"8.5, 8.4",66.66931378006547
7.178436642806317,7.8948009839228135,66.66931378006547,"8.5, 8.4",66.66931378006547
6.964417651285425,7.2699223635433405,66.66931378006547,"8.5, 8.4",66.66931378006547
6.634939170695654,2.9569335306873104,66.66931378006547,"2.1, 2.0",66.66931378006547
3.254931792559491,2.1736922121753866,66.66931378006547,"2.1, 2.0",66.66931378006547
7.126241325190268,7.524931624544391,66.66931378006547,"8.5, 8.4",66.66931378006547
3.5756029620649454,2.079214389907744,66.66931378006547,"2.1, 2.0",66.66931378006547
6.91334981695769,2.886911282479975,66.66931378006547,"2.1, 2.0",66.66931378006547
7.2133188414906515,7.713348501686946,66.66931378006547,"8.5, 8.4",66.66931378006547
6.674235820645605,2.70904112225415,66.66931378006547,"2.1, 2.0",66.66931378006547
7.015363814261067,7.577302227265756,66.66931378006547,"8.5, 8.4",66.66931378006547
6.90948728369412,7.460654222892539,66.66931378006547,"8.5, 8.4",66.66931378006547
6.7714876960237005,2.7932427365445953,66.66931378006547,"2.1, 2.0",66.66931378006547
3.0165499472723045,1.5436643707793396,66.66931378006547,"2.1, 2.0",66.66931378006547
6.854750560490387,3.037947316913643,66.66931378006547,"2.1, 2.0",66.66931378006547
6.776257568839812,3.1422502858857557,66.66931378006547,"2.1, 2.0",66.66931378006547
7.156684029519029,7.93293335618551,66.66931378006547,"8.5, 8.4",66.66931378006547
6.746488590664109,3.240671102050884,66.66931378006547,"2.1, 2.0",66.66931378006547
6.858785452984843,7.521176780246847,66.66931378006547,"8.5, 8.4",66.66931378006547
7.023107982968457,7.632223904311795,66.66931378006547,"8.5, 8.4",66.66931378006547
6.826544817540815,6.951401328055744,66.66931378006547,"8.5, 8.4",66.66931378006547
6.889597824430384,2.9999772298691263,66.66931378006547,"2.1, 2.0",66.66931378006547
6.753107338156285,2.93450516793492,66.66931378006547,"2.1, 2.0",66.66931378006547
3.4405632145586695,2.298190705252432,66.66931378006547,"2.1, 2.0",66.66931378006547
7.32040281084257,7.793265388648539,66.66931378006547,"8.5, 8.4",66.66931378006547
7.510299187414876,7.85866952136434,66.66931378006547,"8.5, 8.4",66.66931378006547
8.956012702281914,4.196468715413913,66.66931378006547,"8.5, 8.4",66.66931378006547
6.703421892952389,3.188909904820094,66.66931378006547,"2.1, 2.0",66.66931378006547
6.858606773032575,7.355708107758726,66.66931378006547,"8.5, 8.4",66.66931378006547
7.086345555105225,7.538166951744586,66.66931378006547,"8.5, 8.4",66.66931378006547
7.328084040650968,6.7001582856269595,66.66931378006547,"8.5, 8.4",66.66931378006547
6.7805245195616335,2.663911262822597,66.66931378006547,"2.1, 2.0",66.66931378006547
9.401039240573576,9.276679128563783,66.66931378006547,"8.6, 8.4",66.66931378006547
7.142999394131704,8.01881400304097,66.66931378006547,"8.5, 8.4",66.66931378006547
7.059713486834987,3.468423162694844,66.85925230727675,"2.1, 2.0",66.85925230727675
6.8176388306905435,2.700285919229619,66.85925230727675,"2.1, 2.0",66.85925230727675
6.707386109447397,3.1050354298170446,66.85925230727675,"2.1, 2.0",66.85925230727675
6.706550297823206,3.0942791745822475,66.85925230727675,"2.1, 2.0",66.85925230727675
6.992245825782769,7.493630241619603,66.85925230727675,"8.5, 8.4",66.85925230727675
7.169234732972044,7.033134106150024,66.85925230727675,"8.5, 8.4",66.85925230727675
7.488364904322378,8.04299592872052,66.85925230727675,"8.5, 8.4",66.85925230727675
7.069137930356457,2.89686312180669,66.85925230727675,"2.1, 2.0",66.85925230727675
6.70639010380894,3.1844371514268923,66.85925230727675,"2.1, 2.0",66.85925230727675
6.787899560866113,3.3681631728737704,66.85925230727675,"2.1, 2.0",66.85925230727675
6.802983233691922,7.368702040567147,66.85925230727675,"8.5, 8.4",66.85925230727675
8.739257996832544,4.079863480884962,66.85925230727675,"8.5, 8.4",66.85925230727675
6.456467789406622,3.1125328226723905,66.85925230727675,"2.1, 2.0",66.85925230727675
7.541605656779921,6.853083015972345,66.85925230727675,"8.5, 8.4",66.85925230727675
7.229547026408966,6.680760667751797,66.85925230727675,"8.5, 8.4",66.85925230727675
8.97743003801482,4.100049474348913,66.85925230727675,"8.5, 8.4",66.85925230727675
6.629907874793562,7.565828277577267,66.85925230727675,"8.5, 8.4",66.85925230727675
6.487739908892314,3.0471454038093237,66.85925230727675,"2.1, 2.0",66.85925230727675
7.063913147335842,2.915067741168805,66.85925230727675,"2.1, 2.0",66.85925230727675
7.4213013132686125,6.853842356639137,66.85925230727675,"8.5, 8.4",66.85925230727675
7.102469693875619,6.907778818498146,66.85925230727675,"8.5, 8.4",66.85925230727675
7.2685295462673585,8.1232541735684,66.85925230727675,"8.5, 8.4",66.85925230727675
7.069374901953306,7.093086453807915,66.85925230727675,"8.5, 8.4",66.85925230727675
8.968074723468376,9.257560414713994,66.85925230727675,"8.5, 8.4",66.85925230727675
7.07820947460675,6.927820507540216,66.85925230727675,"8.5, 8.4",66.85925230727675
6.803386498831898,2.86637841201372,66.85925230727675,"2.1, 2.0",66.85925230727675
7.183733310675815,7.53353715604375,66.85925230727675,"8.5, 8.4",66.85925230727675
7.300789704082618,6.878733165503048,66.85925230727675,"8.5, 8.4",66.85925230727675
6.6860747704537875,7.258558130498308,66.85925230727675,"8.5, 8.4",66.85925230727675
6.580149181391048,2.8587692288535216,66.85925230727675,"2.1, 2.0",66.85925230727675
7.2774335579284575,6.923331130950267,66.85925230727675,"8.5, 8.4",66.85925230727675
6.878837331039965,7.42159943183607,66.85925230727675,"8.5, 8.4",66.85925230727675
7.350063938060481,6.805058131782356,66.85925230727675,"8.5, 8.4",66.85925230727675
7.413601786510391,8.035704328558893,66.85925230727675,"8.5, 8.4",66.85925230727675
6.846234898405145,7.562584083787252,66.85925230727675,"8.5, 8.4",66.85925230727675
8.848279052810874,4.247048034077572,66.85925230727675,"8.6, 8.4",66.85925230727675
7.173138259444839,6.968922599434682,66.85925230727675,"8.5, 8.4",66.85925230727675
7.3369088174234385,6.812096178077317,66.85925230727675,"8.5, 8.4",66.85925230727675
7.3709337336877745,7.669671983205434,66.85925230727675,"8.5, 8.4",66.85925230727675
3.2552449910658376,2.0213419976044875,66.85925230727675,"2.1, 2.0",66.85925230727675
6.887944718600072,7.5770564744290745,66.85925230727675,"8.5, 8.4",66.85925230727675
7.074782195765507,7.663734522193114,66.85925230727675,"8.5, 8.4",66.85925230727675
7.20785494034318,7.9671495031996455,66.85925230727675,"8.5, 8.4",66.85925230727675
7.263020117537293,6.931268333956267,66.85925230727675,"8.5, 8.4",66.85925230727675
6.973242877173469,7.074964794912999,66.85925230727675,"8.5, 8.4",66.85925230727675
3.235257421347927,2.170846974224271,66.85925230727675,"2.1, 2.0",66.85925230727675
7.533361298364416,8.164574533047315,66.85925230727675,"8.5, 8.4",66.85925230727675
7.4543162321889875,8.022720895706449,66.85925230727675,"8.5, 8.4",66.85925230727675
6.8850847714231245,6.964814443435573,66.85925230727675,"8.5, 8.4",66.85925230727675
6.767586126839959,2.8171286134792406,66.85925230727675,"2.1, 2.0",66.85925230727675
6.677507904104207,3.0011744776242266,66.85925230727675,"2.1, 2.0",66.85925230727675
6.572348135063304,2.7499129917055187,66.85925230727675,"2.1, 2.0",66.85925230727675
6.8949798110242515,2.9321742679823526,66.85925230727675,"2.1, 2.0",66.85925230727675
6.868358468344059,7.507280636147723,66.85925230727675,"8.5, 8.4",66.85925230727675
6.997860543079279,3.451716106978846,66.85925230727675,"2.1, 2.0",66.85925230727675
7.314332219479702,7.547892796652491,66.85925230727675,"8.5, 8.4",66.85925230727675
6.9323714946372395,2.960830021987715,66.85925230727675,"2.1, 2.0",66.85925230727675
7.360923803499406,7.924543712678599,66.85925230727675,"8.5, 8.4",66.85925230727675
7.088854681513523,7.220221593558534,66.85925230727675,"8.5, 8.4",66.85925230727675
3.2257549957063034,1.7051434823724754,66.85925230727675,"2.1, 2.0",66.85925230727675
6.585322209654595,3.0209532233063174,66.85925230727675,"2.1, 2.0",66.85925230727675
9.19498383076088,9.15443632089847,66.85925230727675,"8.5, 8.4",66.85925230727675
7.594315533293072,8.073058825460738,66.85925230727675,"8.5, 8.4",66.85925230727675
7.349353560693579,7.911709119669651,66.85925230727675,"8.5, 8.4",66.85925230727675
7.304733161994071,6.899267658785048,66.85925230727675,"8.5, 8.4",66.85925230727675
3.606858867854906,2.1361694744445336,66.85925230727675,"2.1, 2.0",66.85925230727675
6.980109075062506,2.891577888345047,66.85925230727675,"2.1, 2.0",66.85925230727675
7.010022913300499,3.061012671312345,66.85925230727675,"2.1, 2.0",66.85925230727675
7.389738941934814,7.317194047424957,66.85925230727675,"8.5, 8.4",66.85925230727675
6.638510782797589,7.475528769497607,66.85925230727675,"8.5, 8.4",66.85925230727675
7.315125536091695,7.703838770881646,66.85925230727675,"8.5, 8.4",66.85925230727675
6.7523323161448,2.7292053236322147,66.85925230727675,"2.1, 2.0",66.85925230727675
7.257290756338905,8.002010387511682,66.85925230727675,"8.5, 8.4",66.85925230727675
6.85242386512773,2.960946616693174,66.85925230727675,"2.1, 2.0",66.85925230727675
6.809169185248423,3.117796704641127,66.85925230727675,"2.1, 2.0",66.85925230727675
6.666027707308416,2.9556019674613787,66.85925230727675,"2.1, 2.0",66.85925230727675
6.7524059698190015,3.004312050377833,66.85925230727675,"2.1, 2.0",66.85925230727675
7.192585013272629,8.117190355795069,66.85925230727675,"8.5, 8.4",66.85925230727675
3.1774210266239034,1.7746632973154741,66.85925230727675,"2.1, 2.0",66.85925230727675
6.679696433272686,3.3832521312517585,66.85925230727675,"2.1, 2.0",66.85925230727675
7.224337179645878,7.187873232498617,66.85925230727675,"8.5, 8.4",66.85925230727675
7.336956158289184,6.641362303731765,66.85925230727675,"8.5, 8.4",66.85925230727675
3.5309782852015403,2.1895054456939267,66.85925230727675,"2.1, 2.0",66.85925230727675
7.059221490361992,7.734894249470113,66.85925230727675,"8.5, 8.4",66.85925230727675
6.4940249935719905,2.8382261546180265,66.85925230727675,"2.1, 2.0",66.85925230727675
6.837580988426187,3.0514886426595567,66.85925230727675,"2.1, 2.0",66.85925230727675
6.934950919723246,2.8102861605180762,66.85925230727675,"2.1, 2.0",66.85925230727675
7.27045926912921,6.849364000519243,66.85925230727675,"8.5, 8.4",66.85925230727675
3.5936822258124623,2.3938810649338493,66.85925230727675,"2.1, 2.0",66.85925230727675
7.150273844457352,7.945543760349486,66.85925230727675,"8.5, 8.4",66.85925230727675
6.967904612582878,2.9139338749817267,66.85925230727675,"2.1, 2.0",66.85925230727675
7.471112925440994,8.04836438192461,66.85925230727675,"8.5, 8.4",66.85925230727675
7.255434901403756,7.928753531621967,66.85925230727675,"8.5, 8.4",66.85925230727675
7.361030500191267,6.961082851881892,66.85925230727675,"8.5, 8.4",66.85925230727675
6.892533030472511,7.227723318681561,66.85925230727675,"8.5, 8.4",66.85925230727675
7.091553380817572,6.832491135651693,66.85925230727675,"8.5, 8.4",66.85925230727675
7.473527648684977,7.963313819497603,66.85925230727675,"8.5, 8.4",66.85925230727675
6.864987437660865,3.137382365334851,66.85925230727675,"2.1, 2.0",66.85925230727675
8.731976955841901,4.007692515991353,66.85925230727675,"8.5, 8.4",66.85925230727675
6.9162225639850226,3.27817960505435,66.85925230727675,"2.1, 2.0",66.85925230727675
6.964334943315789,7.528352126474976,66.85925230727675,"8.5, 8.4",66.85925230727675
7.352415535108602,8.043172556024677,66.85925230727675,"8.5, 8.4",66.85925230727675
7.056009085052168,6.888664804976459,66.85925230727675,"8.5, 8.4",66.85925230727675
6.620333837745091,3.1073601820752783,66.85925230727675,"2.1, 2.0",66.85925230727675
6.7221974639303825,7.364818642245979,66.85925230727675,"8.5, 8.4",66.85925230727675
7.489103117470785,6.905608539668304,66.85925230727675,"8.5, 8.4",66.85925230727675
7.40369391039447,7.939753670498314,66.85925230727675,"8.5, 8.4",66.85925230727675
7.230295015686137,8.049226786351445,66.85925230727675,"8.5, 8.4",66.85925230727675
7.0493068679757975,7.630923907405769,66.85925230727675,"8.5, 8.4",66.85925230727675
7.412755385805142,7.987594528349284,66.85925230727675,"8.5, 8.4",66.85925230727675
6.822207037306914,2.8583453194148047,66.85925230727675,"2.1, 2.0",66.85925230727675
6.700035742437075,3.022932456994015,66.85925230727675,"2.1, 2.0",66.85925230727675
7.190523707904336,6.619222378370471,66.85925230727675,"8.5, 8.4",66.85925230727675
6.967082975723336,7.5628320286295825,66.85925230727675,"8.5, 8.4",66.85925230727675
7.16898916237621,7.750940813763395,66.85925230727675,"8.5, 8.4",66.85925230727675
7.735227150744395,8.262754709986353,66.85925230727675,"8.5, 8.4",66.85925230727675
7.35361039164808,6.969765485066493,66.85925230727675,"8.5, 8.4",66.85925230727675
3.4006764799244085,2.0568434536159397,66.85925230727675,"2.1, 2.0",66.85925230727675
6.9934410018202104,7.65962837562276,66.85925230727675,"8.5, 8.4",66.85925230727675
6.71092057495226,3.0582559127145026,66.85925230727675,"2.1, 2.0",66.85925230727675
3.411457092928558,2.173603050631626,66.85925230727675,"2.1, 2.0",66.85925230727675
7.059585866178034,7.04910055046602,66.85925230727675,"8.5, 8.4",66.85925230727675
6.878424265902458,3.0075478054331684,66.85925230727675,"2.1, 2.0",66.85925230727675
7.4043479305123014,6.791520923149552,66.85925230727675,"8.5, 8.4",66.85925230727675
8.755297551161785,3.730291565442221,66.85925230727675,"8.5, 8.4",66.85925230727675
7.579656425361637,8.00612218838464,66.85925230727675,"8.5, 8.4",66.85925230727675
7.312140931263262,6.960586557162246,66.85925230727675,"8.5, 8.4",66.85925230727675
6.6344647720664875,3.153374170192269,66.85925230727675,"2.1, 2.0",66.85925230727675
6.651949350767904,2.961226044254043,66.85925230727675,"2.1, 2.0",66.85925230727675
7.267835940783166,7.963556247654026,66.85925230727675,"8.5, 8.4",66.85925230727675
9.36637445413674,9.292658057381416,66.85925230727675,"8.5, 8.4",66.85925230727675
8.95801669435047,9.145907953786198,66.85925230727675,"8.5, 8.4",66.85925230727675
6.884610597389563,3.3546407128312783,66.85925230727675,"2.1, 2.0",66.85925230727675
9.154323814453555,8.967401588247215,66.85925230727675,"8.5, 8.4",66.85925230727675
6.9444577371077685,2.4263733696009004,66.85925230727675,"2.1, 2.0",66.85925230727675
6.8102126843085475,3.1384809888217235,66.85925230727675,"2.1, 2.0",66.85925230727675
6.6606217918801995,3.275698787383244,66.85925230727675,"2.1, 2.0",66.85925230727675
7.1124747889434765,7.742319456083413,66.85925230727675,"8.5, 8.4",66.85925230727675
6.790436875829341,2.8367287346368233,66.85925230727675,"2.1, 2.0",66.85925230727675
7.137223591097657,7.432722475647737,66.85925230727675,"8.5, 8.4",66.85925230727675
7.0938906113691536,7.018624550381437,66.85925230727675,"8.5, 8.4",66.85925230727675
7.046707496146877,2.840978376900792,66.85925230727675,"2.1, 2.0",66.85925230727675
6.864348592375941,2.909853809015811,66.85925230727675,"2.1, 2.0",66.85925230727675
6.907483145260676,2.8722648413696628,66.85925230727675,"2.1, 2.0",66.85925230727675
9.305394453098083,9.140904748302034,66.85925230727675,"8.5, 8.4",66.85925230727675
7.258644512693336,7.779649401882569,66.85925230727675,"8.5, 8.4",66.85925230727675
3.378528598758593,1.9080360871824364,66.85925230727675,"2.1, 2.0",66.85925230727675
7.231726317896591,8.025808798555822,66.85925230727675,"8.5, 8.4",66.85925230727675
9.075611483762273,9.145045496060145,66.85925230727675,"8.5, 8.4",66.85925230727675
6.701161722711021,3.2308416771083492,66.85925230727675,"2.1, 2.0",66.85925230727675
7.032138017131278,7.215561831334832,66.85925230727675,"8.5, 8.4",66.85925230727675
7.176988413612616,7.977401333068385,66.85925230727675,"8.5, 8.4",66.85925230727675
7.3097884565381674,7.863678961468682,66.85925230727675,"8.5, 8.4",66.85925230727675
7.03575972915488,7.867395193873517,66.85925230727675,"8.5, 8.4",66.85925230727675
7.401699958947844,7.980543942231897,66.85925230727675,"8.5, 8.4",66.85925230727675
7.147067899299323,7.681381569893876,66.85925230727675,"8.5, 8.4",66.85925230727675
6.931429596026076,2.9970819030975915,66.85925230727675,"2.1, 2.0",66.85925230727675
6.904150087408269,6.978417053381105,66.85925230727675,"8.5, 8.4",66.85925230727675
7.290566885940165,6.873841128494301,66.85925230727675,"8.5, 8.4",66.85925230727675
6.703780854396131,7.27206308311506,66.85925230727675,"8.5, 8.4",66.85925230727675
6.736577551251788,7.086892343333297,66.85925230727675,"8.5, 8.4",66.85925230727675
7.177638532010305,6.786564749137405,66.85925230727675,"8.5, 8.4",66.85925230727675
6.901693699744857,7.243649557595163,66.85925230727675,"8.5, 8.4",66.85925230727675
9.1969778665559,9.156619111573864,66.85925230727675,"8.5, 8.4",66.85925230727675
7.187170993979755,7.730773781598589,66.85925230727675,"8.5, 8.4",66.85925230727675
3.2906466026519055,1.9340435193761074,66.85925230727675,"2.1, 2.0",66.85925230727675
7.35380741005002,6.886035483530899,66.85925230727675,"8.5, 8.4",66.85925230727675
7.465034798219923,8.14108349743669,66.85925230727675,"8.5, 8.4",66.85925230727675
8.431043855908879,3.938945296376425,66.85925230727675,"8.5, 8.4",66.85925230727675
3.105029620249823,1.8163864434940336,66.85925230727675,"2.1, 2.0",66.85925230727675
7.517738434214626,7.883103023552752,66.85925230727675,"8.5, 8.4",66.85925230727675
7.696300287036751,7.898892884778741,66.85925230727675,"8.5, 8.4",66.85925230727675
7.29568169060491,6.700940794163394,66.85925230727675,"8.5, 8.4",66.85925230727675
6.741010156226971,7.326739280692589,66.85925230727675,"8.5, 8.4",66.85925230727675
6.710688990136441,3.003515320997302,66.85925230727675,"2.1, 2.0",66.85925230727675
6.809782234494918,2.8306072068279384,66.85925230727675,"2.1, 2.0",66.85925230727675
7.36982382441381,6.704552145128276,66.85925230727675,"8.5, 8.4",66.85925230727675
7.28046599595428,6.807704089087751,66.85925230727675,"8.5, 8.4",66.85925230727675
6.701329503760787,2.722080155884993,66.85925230727675,"2.1, 2.0",66.85925230727675
6.942387215123979,2.9206471600288255,66.85925230727675,"2.1, 2.0",66.85925230727675
7.289176412726308,6.97578218292681,66.85925230727675,"8.5, 8.4",66.85925230727675
6.953808607350043,2.8093595307007115,66.85925230727675,"2.1, 2.0",66.85925230727675
7.02363595624014,7.682290809668276,66.85925230727675,"8.5, 8.4",66.85925230727675
6.887611946680248,3.1279753471857163,66.85925230727675,"2.1, 2.0",66.85925230727675
7.222941356899888,7.802950457815108,66.85925230727675,"8.5, 8.4",66.85925230727675
6.96944787745743,3.1209639615029685,66.85925230727675,"2.1, 2.0",66.85925230727675
7.066184988537611,7.378368014295621,66.85925230727675,"8.5, 8.4",66.85925230727675
6.765134253036881,2.809403626860174,66.85925230727675,"2.1, 2.0",66.85925230727675
7.398933368714312,7.3648202493404415,66.85925230727675,"8.5, 8.4",66.85925230727675
6.967252447640461,7.213181382783677,66.85925230727675,"8.5, 8.4",66.85925230727675
7.158878042060475,6.936880639098092,66.85925230727675,"8.5, 8.4",66.85925230727675
3.3951750573275827,1.7186437169076252,66.85925230727675,"2.1, 2.0",66.85925230727675
7.170124608388164,3.157691227635148,66.85925230727675,"2.1, 2.0",66.85925230727675
6.908492584256449,7.128616107635168,66.85925230727675,"8.5, 8.4",66.85925230727675
6.819004095190875,7.355173980932948,66.85925230727675,"8.5, 8.4",66.85925230727675
9.017629201401812,9.039382388614856,66.85925230727675,"8.5, 8.4",66.85925230727675
8.854580731384868,3.7666883094884795,66.86842973515813,"8.6, 8.4",66.86842973515813
7.022942479439971,7.6047802722044295,66.86842973515813,"8.5, 8.4",66.86842973515813
7.265518972598304,7.993867209893299,66.86842973515813,"8.5, 8.4",66.86842973515813
7.37694601682342,6.747277638076085,66.86842973515813,"8.5, 8.4",66.86842973515813
6.721681949267762,7.041702999752134,66.86842973515813,"8.5, 8.4",66.86842973515813
2.965920748292634,1.547655472632301,66.86842973515813,"2.1, 2.0",66.86842973515813
7.107269316279664,3.1786649857237412,66.86842973515813,"2.1, 2.0",66.86842973515813
6.781001631118501,2.773887088626681,66.86842973515813,"2.1, 2.0",66.86842973515813
9.196133168427155,9.210866517743542,66.86842973515813,"8.5, 8.4",66.86842973515813
6.766003719130702,3.0840628489657664,66.86842973515813,"2.1, 2.0",66.86842973515813
7.245564598671194,7.982529851434114,66.86842973515813,"8.5, 8.4",66.86842973515813
3.21111897587387,1.8342316669118686,66.86842973515813,"2.1, 2.0",66.86842973515813
9.194039864077164,9.171832819686083,66.86842973515813,"8.5, 8.4",66.86842973515813
8.799749813830415,3.9774647667667784,66.86842973515813,"8.5, 8.4",66.86842973515813
7.109304886025311,6.872144932270682,66.86842973515813,"8.5, 8.4",66.86842973515813
3.437207157277029,2.2453262632565583,66.86842973515813,"2.1, 2.0",66.86842973515813
6.669104553827678,2.927146530784702,66.86842973515813,"2.1, 2.0",66.86842973515813
6.69118117305208,3.23692571287447,66.86842973515813,"2.1, 2.0",66.86842973515813
7.267088902550896,6.931291619312026,66.86842973515813,"8.5, 8.4",66.86842973515813
7.349339836719093,7.818433825816628,66.86842973515813,"8.5, 8.4",66.86842973515813
6.960545517914113,3.0900772803793886,66.86842973515813,"2.1, 2.0",66.86842973515813
7.3889672940914295,6.476462034470862,66.86842973515813,"8.5, 8.4",66.86842973515813
7.151574638318295,6.87423828401961,66.86842973515813,"8.5, 8.4",66.86842973515813
6.798154094079157,2.6805008490585926,66.86842973515813,"2.1, 2.0",66.86842973515813
7.007128146490174,7.089187421062238,66.86842973515813,"8.5, 8.4",66.86842973515813
7.129704214529218,7.3089275292732205,66.86842973515813,"8.5, 8.4",66.86842973515813
6.952002185100171,3.4368053351251038,66.86842973515813,"2.1, 2.0",66.86842973515813
8.74343599045069,3.9459649987246284,66.86842973515813,"8.5, 8.4",66.86842973515813
7.389254977745297,7.271675337881961,66.86842973515813,"8.5, 8.4",66.86842973515813
8.731789317208186,4.028734081707478,66.86842973515813,"8.5, 8.4",66.86842973515813
7.025221882729018,7.459739301326329,66.86842973515813,"8.5, 8.4",66.86842973515813
6.690489211845874,3.174108406983102,66.86842973515813,"2.1, 2.0",66.86842973515813
7.042840205579197,3.075961651995299,66.86842973515813,"2.1, 2.0",66.86842973515813
2.8830097434042634,1.5741689291777472,66.86842973515813,"2.1, 2.0",66.86842973515813
7.086337100689324,6.699703304741752,66.86842973515813,"8.5, 8.4",66.86842973515813
3.6274471538202633,2.191404020350163,66.86842973515813,"2.1, 2.0",66.86842973515813
3.281750609243054,1.9302975262935218,66.86842973515813,"2.1, 2.0",66.86842973515813
7.2266055579543265,7.309450554158206,66.86842973515813,"8.5, 8.4",66.86842973515813
6.7502876773172105,3.221514580759729,66.86842973515813,"2.1, 2.0",66.86842973515813
7.438269204354915,7.883308697855834,66.86842973515813,"8.5, 8.4",66.86842973515813
6.605088702119589,3.1711768323612954,66.86842973515813,"2.1, 2.0",66.86842973515813
3.36728194647129,2.2177423489826955,66.86842973515813,"2.1, 2.0",66.86842973515813
6.912407571732143,6.810939223060544,66.86842973515813,"8.5, 8.4",66.86842973515813
7.297756509077531,6.686296676582395,66.86842973515813,"8.5, 8.4",66.86842973515813
3.2803770870222992,1.8984347144654412,66.86842973515813,"2.1, 2.0",66.86842973515813
7.085169563131306,7.074281705695313,66.86842973515813,"8.5, 8.4",66.86842973515813
9.106121914884524,9.097352980668944,66.86842973515813,"8.5, 8.4",66.86842973515813
7.024506691367346,7.725425294461258,66.86842973515813,"8.5, 8.4",66.86842973515813
8.825278175020442,3.9337820280750058,66.86842973515813,"8.5, 8.4",66.86842973515813
7.112788858562529,3.224952965882726,66.86842973515813,"2.1, 2.0",66.86842973515813
6.590519908078255,3.1838436707362217,66.86842973515813,"2.1, 2.0",66.86842973515813
6.843766128855497,2.9710621734924016,66.86842973515813,"2.1, 2.0",66.86842973515813
6.983009181611333,7.367813826275578,66.86842973515813,"8.5, 8.4",66.86842973515813
6.492025643433996,3.1040250894262957,66.86842973515813,"2.1, 2.0",66.86842973515813
6.85947001363429,7.491196223990864,66.86842973515813,"8.5, 8.4",66.86842973515813
6.950458777956752,7.25777204171508,66.86842973515813,"8.5, 8.4",66.86842973515813
7.218367077819372,7.840602423854665,66.86842973515813,"8.5, 8.4",66.86842973515813
6.777893884931936,7.293001212190421,66.86842973515813,"8.5, 8.4",66.86842973515813
7.093430533536375,7.570935438521202,66.86842973515813,"8.5, 8.4",66.86842973515813
8.727906701859014,4.059136974179483,66.86842973515813,"8.5, 8.4",66.86842973515813
6.874011166586078,7.434100451198127,66.86842973515813,"8.5, 8.4",66.86842973515813
6.845563754549913,7.353439546841226,66.86842973515813,"8.5, 8.4",66.86842973515813
7.222552101033658,7.7154851418907135,66.86842973515813,"8.5, 8.4",66.86842973515813
6.7028914667110415,2.8408127809239403,66.86842973515813,"2.1, 2.0",66.86842973515813
7.266014897805986,8.011114466233536,66.86842973515813,"8.5, 8.4",66.86842973515813
6.77973932735741,7.3569887108357115,66.86842973515813,"8.5, 8.4",66.86842973515813
7.175561969856549,7.71371400251962,66.86842973515813,"8.5, 8.4",66.86842973515813
7.072141568637899,7.546602967819469,66.86842973515813,"8.5, 8.4",66.86842973515813
6.830396064546037,2.712992101420104,66.86842973515813,"2.1, 2.0",66.86842973515813
7.194733103773631,6.804543935391491,66.86842973515813,"8.5, 8.4",66.86842973515813
7.226292823805637,7.9138668586794445,66.86842973515813,"8.5, 8.4",66.86842973515813
6.531690628309448,3.0615239154683582,66.86842973515813,"2.1, 2.0",66.86842973515813
6.909782669299194,2.740385164326826,66.86842973515813,"2.1, 2.0",66.86842973515813
6.880552321121619,7.073187753630368,66.86842973515813,"8.5, 8.4",66.86842973515813
7.266993951214753,8.082308983259457,66.86842973515813,"8.5, 8.4",66.86842973515813
7.2412179652492625,7.626815167268884,66.86842973515813,"8.5, 8.4",66.86842973515813
3.14783146148635,1.9248135818784973,66.86842973515813,"2.1, 2.0",66.86842973515813
7.342796008749622,7.876359922061518,66.86842973515813,"8.5, 8.4",66.86842973515813
6.99678124393703,3.2655791857087992,66.86842973515813,"2.1, 2.0",66.86842973515813
7.016557159957719,7.645154373608851,66.86842973515813,"8.5, 8.4",66.86842973515813
6.873342872464567,3.121829459568266,66.86842973515813,"2.1, 2.0",66.86842973515813
7.080891995332486,7.640018471014974,66.86842973515813,"8.5, 8.4",66.86842973515813
7.315219852799597,7.347856609198656,66.86842973515813,"8.5, 8.4",66.86842973515813
7.303322941084296,7.871325099566379,66.86842973515813,"8.5, 8.4",66.86842973515813
6.854230658653403,7.348263004145773,66.86842973515813,"8.5, 8.4",66.86842973515813
7.599252506988588,8.094877035926908,66.86842973515813,"8.5, 8.4",66.86842973515813
6.999529909664204,2.8176975249668645,66.86842973515813,"2.1, 2.0",66.86842973515813
7.396131963042181,8.156080716508677,66.86842973515813,"8.5, 8.4",66.86842973515813
7.343641356349327,7.6480509449502865,66.86842973515813,"8.5, 8.4",66.86842973515813
9.011116543319073,9.078651414798399,66.86842973515813,"8.5, 8.4",66.86842973515813
8.82916656358635,4.011212507699577,66.86842973515813,"8.5, 8.4",66.86842973515813
7.342733765785719,7.049512851430862,66.86842973515813,"8.5, 8.4",66.86842973515813
6.891219722297269,2.727667709854283,66.86842973515813,"2.1, 2.0",66.86842973515813
7.277054280994864,7.646327751848263,66.86842973515813,"8.5, 8.4",66.86842973515813
7.387806461806107,6.87157462210081,66.86842973515813,"8.5, 8.4",66.86842973515813
3.0966309084491126,1.7363013066803779,66.86842973515813,"2.1, 2.0",66.86842973515813
8.898391208192903,8.962543092749245,66.86842973515813,"8.5, 8.4",66.86842973515813
8.623598487063964,4.108211406578795,66.86842973515813,"8.5, 8.4",66.86842973515813
6.966777680405971,7.297802109115066,66.86842973515813,"8.5, 8.4",66.86842973515813
7.369875524874587,6.985685936962863,66.86842973515813,"8.5, 8.4",66.86842973515813
7.334873744298623,6.5436799462721185,66.86842973515813,"8.5, 8.4",66.86842973515813
7.501326250002406,7.910931516967916,66.86842973515813,"8.5, 8.4",66.86842973515813
8.7819261131035,4.025869141010205,66.86842973515813,"8.5, 8.4",66.86842973515813
7.179696666480105,7.832625627371837,66.86842973515813,"8.5, 8.4",66.86842973515813
6.895614917364745,2.7734290825340624,66.86842973515813,"2.1, 2.0",66.86842973515813
6.7201217516466105,2.984411045893042,66.86842973515813,"2.1, 2.0",66.86842973515813
3.1566307426127462,1.7472715211047107,66.86842973515813,"2.1, 2.0",66.86842973515813
7.472140840141245,7.9303478187374745,66.86842973515813,"8.5, 8.4",66.86842973515813
7.661391343457391,7.970648303790303,66.86842973515813,"8.5, 8.4",66.86842973515813
6.901490495162764,3.101728351109201,66.86842973515813,"2.1, 2.0",66.86842973515813
7.126872434995506,6.7981066067958285,66.86842973515813,"8.5, 8.4",66.86842973515813
7.31246437327685,7.791515475646945,66.86842973515813,"8.5, 8.4",66.86842973515813
9.149842586779023,9.098254547825613,66.86842973515813,"8.5, 8.4",66.86842973515813
6.591837171991366,3.2891785154418027,66.86842973515813,"2.1, 2.0",66.86842973515813
6.631354191793512,7.31872636090552,66.86842973515813,"8.5, 8.4",66.86842973515813
6.749898328586555,7.394081626900983,66.86842973515813,"8.5, 8.4",66.86842973515813
6.62822103557414,7.244574316465188,66.86842973515813,"8.5, 8.4",66.86842973515813
6.755111202251869,2.731670503197563,66.86842973515813,"2.1, 2.0",66.86842973515813
7.200218095803731,6.923514899646291,66.86842973515813,"8.5, 8.4",66.86842973515813
6.5985427759548845,3.205185775685646,66.86842973515813,"2.1, 2.0",66.86842973515813
7.4318771003802695,7.998404028493589,66.86842973515813,"8.5, 8.4",66.86842973515813
7.148964446291332,7.490919381750753,66.86842973515813,"8.5, 8.4",66.86842973515813
6.746578291745835,2.789320590487643,66.86842973515813,"2.1, 2.0",66.86842973515813
6.935119793246171,2.8750877502408176,66.86842973515813,"2.1, 2.0",66.86842973515813
7.5035263961477,7.717516269706504,66.86842973515813,"8.5, 8.4",66.86842973515813
3.3898320287774064,1.9747625560085924,66.86842973515813,"2.1, 2.0",66.86842973515813
2.8922072865671167,1.641770080108158,66.86842973515813,"2.1, 2.0",66.86842973515813
6.8322272985064245,7.2836315075517835,66.86842973515813,"8.5, 8.4",66.86842973515813
8.675319795447333,3.9404964113760146,66.86842973515813,"8.5, 8.4",66.86842973515813
7.547284045226165,8.018860841818062,66.86842973515813,"8.5, 8.4",66.86842973515813
6.950406967474638,6.9742046989072985,66.86842973515813,"8.5, 8.4",66.86842973515813
3.2553612885986647,1.6561282095776009,66.86842973515813,"2.1, 2.0",66.86842973515813
7.344033091980936,7.538343808686543,66.86842973515813,"8.5, 8.4",66.86842973515813
7.339413973563005,6.704197300588488,66.86842973515813,"8.5, 8.4",66.86842973515813
6.765517982521559,3.2471452572205806,66.86842973515813,"2.1, 2.0",66.86842973515813
7.2329313589592115,7.100613413867381,66.86842973515813,"8.5, 8.4",66.86842973515813
7.222226059018746,6.63227757728408,66.86842973515813,"8.5, 8.4",66.86842973515813
3.0696225891026585,1.6101641737910377,66.86842973515813,"2.1, 2.0",66.86842973515813
3.292113924139517,1.8987176290866992,66.86842973515813,"2.1, 2.0",66.86842973515813
7.041799044905489,6.736441753048421,66.86842973515813,"8.5, 8.4",66.86842973515813
6.976467401608112,6.871950198998256,66.86842973515813,"8.5, 8.4",66.86842973515813
7.179932189596813,7.599750388021727,66.86842973515813,"8.5, 8.4",66.86842973515813
8.890799141956355,4.211663275031262,66.86842973515813,"8.6, 8.4",66.86842973515813
6.667947899128741,2.955387087465664,66.86842973515813,"2.1, 2.0",66.86842973515813
3.1328933139433177,1.7117331941499914,66.86842973515813,"2.1, 2.0",66.86842973515813
6.6333634506967565,3.0720103953480935,66.86842973515813,"2.1, 2.0",66.86842973515813
7.181695242014174,7.3244974151903826,66.86842973515813,"8.5, 8.4",66.86842973515813
7.231215622551563,7.865455230725146,66.86842973515813,"8.5, 8.4",66.86842973515813
6.866412420490206,3.1978751672533168,66.86842973515813,"2.1, 2.0",66.86842973515813
6.592806257891345,3.0650256657615094,66.86842973515813,"2.1, 2.0",66.86842973515813
6.731312745971108,2.9429421864265626,66.86842973515813,"2.1, 2.0",66.86842973515813
6.7033559426443725,7.35708226421394,66.86842973515813,"8.5, 8.4",66.86842973515813
7.170758527523238,6.92805915306468,66.86842973515813,"8.5, 8.4",66.86842973515813
7.2509717823606525,7.8106598590408165,66.86842973515813,"8.5, 8.4",66.86842973515813
7.274132983059401,7.998105972192676,66.86842973515813,"8.5, 8.4",66.86842973515813
6.848954679229394,3.1188041858304585,66.86842973515813,"2.1, 2.0",66.86842973515813
7.275429958207057,6.803053612464329,66.86842973515813,"8.5, 8.4",66.86842973515813
6.791408257791872,7.075385314572596,66.86842973515813,"8.5, 8.4",66.86842973515813
7.381857606861486,7.896688217808016,66.86842973515813,"8.5, 8.4",66.86842973515813
6.789473270914037,3.17395420976459,66.86842973515813,"2.1, 2.0",66.86842973515813
6.582369837230333,7.536012401395187,66.86842973515813,"8.5, 8.4",66.86842973515813
7.3369984083920095,7.891551977860302,66.86842973515813,"8.5, 8.4",66.86842973515813
7.333163315414123,6.760049324081999,66.86842973515813,"8.5, 8.4",66.86842973515813
7.402314780600719,8.021307432760278,66.86842973515813,"8.5, 8.4",66.86842973515813
6.895419075044491,7.718786247033758,66.86842973515813,"8.5, 8.4",66.86842973515813
6.830712816852385,2.7307071866090094,66.86842973515813,"2.1, 2.0",66.86842973515813
7.2307073909487105,7.287212146246503,66.86842973515813,"8.5, 8.4",66.86842973515813
7.417970574936063,3.2694419986946466,67.32147970808518,"2.1, 2.0",67.32147970808518
6.905730587936385,2.7963939697813975,67.32147970808518,"2.1, 2.0",67.32147970808518
7.146845174444316,3.4380984351033774,67.32147970808518,"2.1, 2.0",67.32147970808518
3.455179921454543,2.1925294356400284,67.32147970808518,"2.1, 2.0",67.32147970808518
7.200985229181315,6.790918328948285,67.32147970808518,"8.5, 8.4",67.32147970808518
6.897849362125806,7.512161394850856,67.32147970808518,"8.5, 8.4",67.32147970808518
3.4386592453537124,2.2352007514118046,67.32147970808518,"2.1, 2.0",67.32147970808518
7.309728042161164,7.609984200438003,67.32147970808518,"8.5, 8.4",67.32147970808518
7.000481297497975,7.3389568638564135,67.32147970808518,"8.5, 8.4",67.32147970808518
7.441905339745631,7.931796444526284,67.32147970808518,"8.5, 8.4",67.32147970808518
6.222027227703931,3.241511720628832,67.32147970808518,"2.1, 2.0",67.32147970808518
7.310334182352465,7.62518747069331,67.32147970808518,"8.5, 8.4",67.32147970808518
6.570562499687175,7.371249014823469,67.32147970808518,"8.5, 8.4",67.32147970808518
6.952039220302064,2.9884387201691975,67.32147970808518,"2.1, 2.0",67.32147970808518
3.162068077725919,1.824742822644183,67.32147970808518,"2.1, 2.0",67.32147970808518
8.769584785218592,4.192044021953056,67.32147970808518,"8.5, 8.4",67.32147970808518
6.655684688808195,2.7475734099362947,67.32147970808518,"2.1, 2.0",67.32147970808518
7.087194281279064,7.948188667033631,67.32147970808518,"8.5, 8.4",67.32147970808518
7.402747056681012,7.825523266670747,67.32147970808518,"8.5, 8.4",67.32147970808518
1.2458104473058207,7.473882604641191,67.52839420873205,"2.1, 2.0",67.52839420873205
7.2686976258806695,6.792928078352832,67.52839420873205,"8.5, 8.4",67.52839420873205
7.028120261327972,3.2122348008192168,67.52839420873205,"2.1, 2.0",67.52839420873205
2.9367627932600717,1.757413961858586,67.52839420873205,"2.1, 2.0",67.52839420873205
7.48206284031604,8.178399607426691,67.52839420873205,"8.5, 8.4",67.52839420873205
7.073398820432342,7.73566458973332,67.52839420873205,"8.5, 8.4",67.52839420873205
7.460129448811905,8.038910518339884,67.52839420873205,"8.5, 8.4",67.52839420873205
6.860993519541121,7.6464109300311645,67.52839420873205,"8.5, 8.4",67.52839420873205
7.128547720318501,7.934953469359527,67.52839420873205,"8.5, 8.4",67.52839420873205
3.5015023701588674,2.0704078386553504,67.52839420873205,"2.1, 2.0",67.52839420873205
6.62395955103767,7.049359605546663,67.52839420873205,"8.5, 8.4",67.52839420873205
6.732343249224159,7.350316176163371,67.52839420873205,"8.5, 8.4",67.52839420873205
7.244643566060281,7.637945474511854,67.52839420873205,"8.5, 8.4",67.52839420873205
6.787781767588329,6.918291049451834,67.52839420873205,"8.5, 8.4",67.52839420873205
8.873896704117579,3.9537783521032708,67.52839420873205,"8.6, 8.4",67.52839420873205
7.186618359014467,3.0718785276748184,67.52839420873205,"2.1, 2.0",67.52839420873205
7.349335143683437,3.311508844098835,67.52839420873205,"2.1, 2.0",67.52839420873205
6.82317119666379,2.860092084708504,67.52839420873205,"2.1, 2.0",67.52839420873205
6.721361009357677,3.0670275738201633,67.52839420873205,"2.1, 2.0",67.52839420873205
7.483600904836365,8.171967332293523,67.52839420873205,"8.5, 8.4",67.52839420873205
7.031761664332378,7.513457453666516,67.52839420873205,"8.5, 8.4",67.52839420873205
6.5983501339428985,2.960093189283315,67.52839420873205,"2.1, 2.0",67.52839420873205
7.42530030239068,6.682990618555,67.52839420873205,"8.5, 8.4",67.52839420873205
6.9908340090078624,7.596984658894373,67.52839420873205,"8.5, 8.4",67.52839420873205
7.247382559168706,7.52820204912926,67.52839420873205,"8.5, 8.4",67.52839420873205
6.946464605568429,2.7988541229110595,67.52839420873205,"2.1, 2.0",67.52839420873205
6.87078116944072,3.074714925776927,67.52839420873205,"2.1, 2.0",67.52839420873205
7.076375590605615,7.458970305941741,67.52839420873205,"8.5, 8.4",67.52839420873205
7.059281122682077,7.778713192246477,67.52839420873205,"8.5, 8.4",67.52839420873205
9.1990835395626,9.004018328464381,67.52839420873205,"8.5, 8.4",67.52839420873205
7.509061683571393,8.085546761009851,67.52839420873205,"8.5, 8.4",67.52839420873205
3.3662619814655113,2.16951021055122,67.52839420873205,"2.1, 2.0",67.52839420873205
7.522125896042795,3.493861846446719,68.82717886609495,"8.5, 8.4",68.82717886609495
7.536396753299089,8.08456653180549,68.82717886609495,"8.5, 8.4",68.82717886609495
7.097883564671784,7.873069125768227,68.82717886609495,"8.5, 8.4",68.82717886609495
6.906148537667005,3.376824822668163,68.82717886609495,"2.1, 2.0",68.82717886609495
9.029607748188148,9.069732587488318,68.82717886609495,"8.5, 8.4",68.82717886609495
7.209737171356895,3.3234309417676897,68.82717886609495,"2.1, 2.0",68.82717886609495
7.313906702191169,7.633365380293279,68.82717886609495,"8.5, 8.4",68.82717886609495
7.368442472667561,7.616476918884177,68.82717886609495,"8.5, 8.4",68.82717886609495
7.528012054937508,8.10028908855423,68.82717886609495,"8.5, 8.4",68.82717886609495
7.071529955496131,7.038330827075978,68.82717886609495,"8.5, 8.4",68.82717886609495
7.243006669047837,7.8748413281172445,68.82717886609495,"8.5, 8.4",68.82717886609495
7.210232600256284,3.100543381389118,68.82717886609495,"2.1, 2.0",68.82717886609495
7.4273266904427455,3.336958440389389,69.15766798482075,"2.1, 2.0",69.15766798482075
7.392765263485142,3.299306413313221,69.15766798482075,"2.1, 2.0",69.15766798482075
7.015147865357973,2.8619299941560064,69.15766798482075,"2.1, 2.0",69.15766798482075
7.130759803211559,3.080711232413581,69.15766798482075,"2.1, 2.0",69.15766798482075
7.265961604992501,7.483112479176598,69.15766798482075,"8.5, 8.4",69.15766798482075
7.316088021036128,7.599402323116627,69.15766798482075,"8.5, 8.4",69.15766798482075
7.406585145670837,3.139290416858479,69.15766798482075,"2.1, 2.0",69.15766798482075
7.23071396301111,3.1378464755128666,69.15766798482075,"2.1, 2.0",69.15766798482075
6.486338885367154,3.302800494440942,69.15766798482075,"2.1, 2.0",69.15766798482075
3.0952755326480483,1.6717813363209577,69.15766798482075,"2.1, 2.0",69.15766798482075
6.85869160265736,7.686591168011114,69.15766798482075,"8.5, 8.4",69.15766798482075
7.336169129061194,3.113356608930491,69.15766798482075,"2.1, 2.0",69.15766798482075
7.258555706828355,2.872702818202042,69.15766798482075,"2.1, 2.0",69.15766798482075
6.628043769465727,3.08594993108807,69.15766798482075,"2.1, 2.0",69.15766798482075
6.650689602221949,3.1378996831962933,69.15766798482075,"2.1, 2.0",69.15766798482075
7.2865411582253685,2.7711775975339603,69.15766798482075,"2.1, 2.0",69.15766798482075
9.205663553236926,9.480026207840252,69.15766798482075,"8.5, 8.4",69.15766798482075
8.481835263440221,3.9099235250982325,69.15766798482075,"8.5, 8.4",69.15766798482075
7.490408894095068,7.9246788718617704,69.15766798482075,"8.5, 8.4",69.15766798482075
6.565560030993616,3.226767850034947,69.15766798482075,"2.1, 2.0",69.15766798482075
7.5282414963758715,8.131712736139917,69.15766798482075,"8.5, 8.4",69.15766798482075
7.3067538188627275,7.792305782040767,69.15766798482075,"8.5, 8.4",69.15766798482075
3.1842848886990547,1.6902272190799872,69.15766798482075,"2.1, 2.0",69.15766798482075
7.210616603735178,7.161951251992782,69.15766798482075,"8.5, 8.4",69.15766798482075
7.706890455876345,3.461460259106006,69.15766798482075,"8.5, 8.4",69.15766798482075
7.901188702112178,3.321465884654545,69.20553428974887,"8.5, 8.4",69.20553428974887
6.498423657231625,2.9721163902984693,69.20553428974887,"2.1, 2.0",69.20553428974887
6.905420779266747,3.0422811962171448,69.20553428974887,"2.1, 2.0",69.20553428974887
7.222227220255611,3.0715138211029447,69.20553428974887,"2.1, 2.0",69.20553428974887
7.448577110535092,7.781390854400284,69.20553428974887,"8.5, 8.4",69.20553428974887
7.2393234047312145,3.0072166271897807,69.20553428974887,"2.1, 2.0",69.20553428974887
6.823230220018493,7.092344689872297,69.20553428974887,"8.5, 8.4",69.20553428974887
7.489371743760533,2.9270651162336145,69.20553428974887,"2.1, 2.0",69.20553428974887
7.0885520031324445,6.918705153447329,69.20553428974887,"8.5, 8.4",69.20553428974887
7.010635929560538,6.930018482704421,69.20553428974887,"8.5, 8.4",69.20553428974887
7.647381953880631,3.49457459101306,69.20553428974887,"8.5, 8.4",69.20553428974887
8.789209554174104,4.094388987085953,69.20553428974887,"8.5, 8.4",69.20553428974887
7.144400451045643,3.2576618084160023,69.20553428974887,"2.1, 2.0",69.20553428974887
7.18713182561233,7.006313648569176,69.20553428974887,"8.5, 8.4",69.20553428974887
7.592269421601535,2.6642253063601427,69.20553428974887,"2.1, 2.0",69.20553428974887
7.2554429229310005,2.95882653940305,69.20553428974887,"2.1, 2.0",69.20553428974887
7.4259247185316895,2.7523723307557724,69.20553428974887,"2.1, 2.0",69.20553428974887
7.109856064921869,3.2885981813736196,69.20553428974887,"2.1, 2.0",69.20553428974887
7.2687980674829875,3.358702109980267,69.20553428974887,"2.1, 2.0",69.20553428974887
7.562531386504646,2.8024994251197946,69.20553428974887,"2.1, 2.0",69.20553428974887
6.975495508786295,2.6885276002518967,69.20553428974887,"2.1, 2.0",69.20553428974887
7.239082026622228,3.1464095518361876,69.20553428974887,"2.1, 2.0",69.20553428974887
6.798285979120367,3.021783939852216,69.20553428974887,"2.1, 2.0",69.20553428974887
7.920609790498729,3.239967184682139,69.29528304955876,"8.5, 8.4",69.29528304955876
6.373152800293138,3.2024413878205573,69.29528304955876,"2.1, 2.0",69.29528304955876
7.228312375335535,3.3018731498125344,69.29528304955876,"2.1, 2.0",69.29528304955876
7.998244200243124,3.5464113271753464,69.29528304955876,"8.5, 8.4",69.29528304955876
7.5797934164195695,3.3142762025175063,69.75567190260136,"8.5, 8.4",69.75567190260136
7.106922510887696,6.540038085948944,69.75567190260136,"8.5, 8.4",69.75567190260136
7.598670163154439,2.859471662407861,69.75567190260136,"2.1, 2.0",69.75567190260136
7.378791063930451,3.295524064592432,69.75567190260136,"2.1, 2.0",69.75567190260136
6.754778020748693,3.101495149430511,69.75567190260136,"2.1, 2.0",69.75567190260136
7.157960698993485,2.5529376956516527,69.75567190260136,"2.1, 2.0",69.75567190260136
7.570823043158427,8.013654645720296,69.75567190260136,"8.5, 8.4",69.75567190260136
7.4282212372147685,2.452549031372534,69.75567190260136,"2.1, 2.0",69.75567190260136
6.637974931853776,3.1382376668556597,69.75567190260136,"2.1, 2.0",69.75567190260136
7.2723282506711415,6.717118346166898,69.75567190260136,"8.5, 8.4",69.75567190260136
7.894233405426412,3.0019818191142744,70.02079914788406,"8.5, 8.4",70.02079914788406
7.59047319160535,2.692027112792079,70.02079914788406,"2.1, 2.0",70.02079914788406
7.216587326811732,3.184766183494169,70.02079914788406,"2.1, 2.0",70.02079914788406
7.053497224732995,3.1761476759069063,70.02079914788406,"2.1, 2.0",70.02079914788406
7.108794247163084,3.09913002036497,70.02079914788406,"2.1, 2.0",70.02079914788406
7.969438333934641,3.185097047684826,70.02079914788406,"8.5, 8.4",70.02079914788406
7.451723193693837,2.768054704753226,70.02079914788406,"2.1, 2.0",70.02079914788406
7.3086560797900715,3.3643427955339646,70.02079914788406,"2.1, 2.0",70.02079914788406
7.152527928237218,3.1812545757583277,70.02079914788406,"2.1, 2.0",70.02079914788406
7.775545481996743,3.0504247205265456,70.26111679152199,"8.5, 8.4",70.26111679152199
7.597373437959582,3.4695822352823926,70.26111679152199,"8.5, 8.4",70.26111679152199
7.349078424985718,2.8119122727338985,70.26111679152199,"2.1, 2.0",70.26111679152199
8.61784076485985,4.024535969149383,70.26111679152199,"8.5, 8.4",70.26111679152199
7.96402989005067,3.2447324782755027,70.26111679152199,"8.5, 8.4",70.26111679152199
6.89965891740258,2.7185155940112704,70.26111679152199,"2.1, 2.0",70.26111679152199
7.017741370511423,3.096668790445528,70.26111679152199,"2.1, 2.0",70.26111679152199
7.235752021034,3.249174474049715,70.26111679152199,"2.1, 2.0",70.26111679152199
7.740490542228295,3.1143694732649854,70.26111679152199,"8.5, 8.4",70.26111679152199
7.32135673433732,3.196344598975407,70.26111679152199,"2.1, 2.0",70.26111679152199
7.574889572093321,3.3423386680469367,70.26111679152199,"8.5, 8.4",70.26111679152199
7.620839047694337,3.1350636585061107,70.32428348010217,"2.1, 2.0",70.32428348010217
7.612760377170935,3.066850670971799,70.32428348010217,"2.1, 2.0",70.32428348010217
7.828188794489769,3.356029920959447,70.32428348010217,"8.5, 8.4",70.32428348010217
7.750323024754611,3.413981172998448,70.32428348010217,"8.5, 8.4",70.32428348010217
7.672880265578125,3.375770425674709,70.32428348010217,"8.5, 8.4",70.32428348010217
7.5647802439604614,3.4299707283490086,70.32428348010217,"8.5, 8.4",70.32428348010217
7.7365769391414645,2.948349695915896,70.32428348010217,"2.1, 2.0",70.32428348010217
8.152580759012972,3.260324149011468,70.32428348010217,"8.5, 8.4",70.32428348010217
7.648910847228612,2.678251401691536,70.32428348010217,"2.1, 2.0",70.32428348010217
7.585073407004732,2.7488464110261823,70.32428348010217,"2.1, 2.0",70.32428348010217
7.893484998434438,2.661906116508941,70.32428348010217,"2.1, 2.0",70.32428348010217
8.053947005820925,2.8627763789629714,70.44219521254902,"8.5, 8.4",70.44219521254902
3.2505336135590888,1.8846885869839036,70.44219521254902,"2.1, 2.0",70.44219521254902
8.060087375325663,2.9958164642546947,70.44219521254902,"8.5, 8.4",70.44219521254902
7.311353302575902,2.556085443214602,70.44219521254902,"2.1, 2.0",70.44219521254902
7.757871687313801,2.621646836298135,70.44219521254902,"2.1, 2.0",70.44219521254902
7.679723689130029,2.522311636625071,70.44219521254902,"2.1, 2.0",70.44219521254902
7.7198130596562775,3.3048282501274286,70.44219521254902,"8.5, 8.4",70.44219521254902
7.865605206232176,3.1677784254994568,70.44219521254902,"8.5, 8.4",70.44219521254902
7.588997176103858,3.1131664484204213,70.44219521254902,"2.1, 2.0",70.44219521254902
7.5582124670120105,2.976746941256867,70.44219521254902,"2.1, 2.0",70.44219521254902
6.921897714057325,2.733670099409673,70.44219521254902,"2.1, 2.0",70.44219521254902
7.576047151373001,2.6832531799177017,70.44219521254902,"2.1, 2.0",70.44219521254902
7.508905669692122,2.621320116112813,70.44219521254902,"2.1, 2.0",70.44219521254902
7.645830475297642,2.8474693864049105,70.44219521254902,"2.1, 2.0",70.44219521254902
6.929966244617516,2.8187184393908216,70.44219521254902,"2.1, 2.0",70.44219521254902
7.656064480873642,2.325663862800239,70.44219521254902,"2.1, 2.0",70.44219521254902
7.277231601590942,7.980373479978126,70.44219521254902,"8.5, 8.4",70.44219521254902
7.276852029770014,2.728251456288331,70.44219521254902,"2.1, 2.0",70.44219521254902
7.647007068041043,2.4374578275813477,70.44219521254902,"2.1, 2.0",70.44219521254902
8.053738303075395,2.5829153449228914,70.46395372043946,"2.1, 2.0",70.46395372043946
7.930637358313437,2.9740337061619226,70.46395372043946,"8.5, 8.4",70.46395372043946
7.229088998488571,2.18728954354149,70.46395372043946,"2.1, 2.0",70.46395372043946
7.752495208558025,2.5065591187337386,70.46395372043946,"2.1, 2.0",70.46395372043946
7.385381622394221,3.1720548513339395,70.46395372043946,"2.1, 2.0",70.46395372043946
7.47547360725476,2.817634874298501,70.46395372043946,"2.1, 2.0",70.46395372043946
7.849788052277939,2.705582336983606,70.46395372043946,"2.1, 2.0",70.46395372043946
8.079874993071419,3.4244868001146056,70.46395372043946,"8.5, 8.4",70.46395372043946
6.446077859284005,3.1538158802203533,70.46395372043946,"2.1, 2.0",70.46395372043946
7.562556042235915,2.6154387263526226,70.46395372043946,"2.1, 2.0",70.46395372043946
8.023448068489342,2.805937486209621,70.53108427111802,"8.5, 8.4",70.53108427111802
7.826792255121196,3.475435144277169,70.53108427111802,"8.5, 8.4",70.53108427111802
7.894165047429379,2.935135240264648,70.53108427111802,"8.5, 8.4",70.53108427111802
7.165704981718827,3.2558358239250618,70.53108427111802,"2.1, 2.0",70.53108427111802
8.250314125613565,3.30271383717362,70.53108427111802,"8.5, 8.4",70.53108427111802
7.146649400951015,2.73524772681061,70.53108427111802,"2.1, 2.0",70.53108427111802
7.652500401912999,3.3688491267381906,70.53108427111802,"8.5, 8.4",70.53108427111802
7.465975124617696,2.7051866841450103,70.53108427111802,"2.1, 2.0",70.53108427111802
6.592087290600781,3.0832439968334557,70.53108427111802,"2.1, 2.0",70.53108427111802
7.030306922753519,7.84274752855914,70.53108427111802,"8.5, 8.4",70.53108427111802
7.245628429240699,7.874915177928465,70.53108427111802,"8.5, 8.4",70.53108427111802
7.245547597017627,6.972221061887281,70.53108427111802,"8.5, 8.4",70.53108427111802
7.51504443505998,2.1957246835961897,70.53108427111802,"2.1, 2.0",70.53108427111802
7.466208690586759,2.425850288968614,70.53108427111802,"2.1, 2.0",70.53108427111802
7.731853534000886,3.505613209731976,70.53108427111802,"8.5, 8.4",70.53108427111802
7.318797618221707,2.3824166896642742,70.53108427111802,"2.1, 2.0",70.53108427111802
7.644628801841746,7.998545741186009,70.53108427111802,"8.5, 8.4",70.53108427111802
7.785790844795267,3.3164314239533077,70.53108427111802,"8.5, 8.4",70.53108427111802
6.96151968245143,7.638848574734826,70.53108427111802,"8.5, 8.4",70.53108427111802
7.768339315679185,3.387586216440667,70.53108427111802,"8.5, 8.4",70.53108427111802
8.40037215538442,3.1670212174166723,70.53108427111802,"8.5, 8.4",70.53108427111802
7.110492492890051,7.658509808764102,70.53108427111802,"8.5, 8.4",70.53108427111802
8.09024989219463,3.1300835081328926,70.53108427111802,"8.5, 8.4",70.53108427111802
7.678698305703904,2.7671494802509766,70.53108427111802,"2.1, 2.0",70.53108427111802
7.961268789529818,2.8182886527249806,70.66984641216234,"2.1, 2.0",70.66984641216234
7.428531536579829,3.2667695869464195,70.66984641216234,"2.1, 2.0",70.66984641216234
7.305185820558541,2.994356534201165,70.66984641216234,"2.1, 2.0",70.66984641216234
7.3517179844929395,3.1872709831925405,70.66984641216234,"2.1, 2.0",70.66984641216234
7.711151391038811,2.505873219157878,70.66984641216234,"2.1, 2.0",70.66984641216234
7.743565112378423,3.000308004268384,70.66984641216234,"2.1, 2.0",70.66984641216234
6.98839333005374,2.5547669888283453,70.66984641216234,"2.1, 2.0",70.66984641216234
7.040961440484354,2.9864102835893758,70.66984641216234,"2.1, 2.0",70.66984641216234
8.030585258861533,2.557685475483403,70.66984641216234,"2.1, 2.0",70.66984641216234
7.922820310188094,2.672974351780124,70.66984641216234,"2.1, 2.0",70.66984641216234
7.7932155450158325,2.832201911061072,70.66984641216234,"2.1, 2.0",70.66984641216234
7.71759859501063,2.3706224552749875,70.66984641216234,"2.1, 2.0",70.66984641216234
7.986448465118396,2.2244644135575777,70.66984641216234,"2.1, 2.0",70.66984641216234
7.985526825212615,3.3129348932046874,70.66984641216234,"8.5, 8.4",70.66984641216234
7.199602186251321,2.8092094812503063,70.66984641216234,"2.1, 2.0",70.66984641216234
7.980213800500605,3.3482952330848628,70.66984641216234,"8.5, 8.4",70.66984641216234
6.9784103473838845,7.056122825280258,70.66984641216234,"8.5, 8.4",70.66984641216234
8.311571240169718,2.8335646341028964,70.66984641216234,"8.5, 8.4",70.66984641216234
7.893263941207421,2.2905505056613187,70.66984641216234,"2.1, 2.0",70.66984641216234
8.015563054813903,2.85953158245463,70.66984641216234,"8.5, 8.4",70.66984641216234
7.802442763358195,2.615882530576763,70.66984641216234,"2.1, 2.0",70.66984641216234
7.978264413224031,2.60667781904679,70.66984641216234,"2.1, 2.0",70.66984641216234
7.9081586699879916,2.2566105219882795,70.66984641216234,"2.1, 2.0",70.66984641216234
8.115350847600354,2.8534075748988075,70.66984641216234,"8.5, 8.4",70.66984641216234
8.367642315343263,3.028305224165624,70.66984641216234,"8.5, 8.4",70.66984641216234
8.151261639089029,2.811338354619861,70.66984641216234,"8.5, 8.4",70.66984641216234
7.358961110174606,3.2888483942332147,70.66984641216234,"2.1, 2.0",70.66984641216234
8.005284281441568,3.2819809673072777,70.66984641216234,"8.5, 8.4",70.66984641216234
7.765774963281374,2.4403766699444116,70.66984641216234,"2.1, 2.0",70.66984641216234
8.32323686232374,3.600530588623292,70.66984641216234,"8.5, 8.4",70.66984641216234
7.876503112534011,2.694727655840614,70.66984641216234,"2.1, 2.0",70.66984641216234
8.24502760666264,3.1792234460876365,70.66984641216234,"8.5, 8.4",70.66984641216234
7.706036301777193,3.1105488945593263,70.7031290686775,"8.5, 8.4",70.7031290686775
7.614856796540915,2.3310301188826985,70.7031290686775,"2.1, 2.0",70.7031290686775
7.629067600576569,3.646875062874945,70.7031290686775,"8.5, 8.4",70.7031290686775
7.386088021972061,2.8331050372834765,70.7031290686775,"2.1, 2.0",70.7031290686775
7.31723749812936,6.92044481699511,70.7031290686775,"8.5, 8.4",70.7031290686775
7.740086311785013,3.3724808492188254,70.7031290686775,"8.5, 8.4",70.7031290686775
8.2453280182972,2.985594576810515,70.7031290686775,"8.5, 8.4",70.7031290686775
7.311772980524495,2.5806633262144,70.7031290686775,"2.1, 2.0",70.7031290686775
7.5574535768054085,2.2645414131898924,70.7031290686775,"2.1, 2.0",70.7031290686775
7.9422961823290095,2.4337333559076537,70.7031290686775,"2.1, 2.0",70.7031290686775
7.9307817451819,2.478573777503734,70.7031290686775,"2.1, 2.0",70.7031290686775
7.831545239231511,3.293978146015947,70.7031290686775,"8.5, 8.4",70.7031290686775
7.599283617899728,2.69489780047076,70.7031290686775,"2.1, 2.0",70.7031290686775
7.6086916904612085,3.2260572750488095,70.7031290686775,"8.5, 8.4",70.7031290686775
7.920971710117222,2.126112634356682,70.7031290686775,"2.1, 2.0",70.7031290686775
7.140036730740524,7.614400308165945,70.7031290686775,"8.5, 8.4",70.7031290686775
7.9300188916144565,2.1433983050403738,70.7031290686775,"2.1, 2.0",70.7031290686775
8.010929458740184,2.9975898675600208,70.7031290686775,"8.5, 8.4",70.7031290686775
7.834973834031511,3.229597534235511,70.7031290686775,"8.5, 8.4",70.7031290686775
7.790363357945459,2.087663376522386,70.7031290686775,"2.1, 2.0",70.7031290686775
7.8473041327092465,2.3047703627311145,70.7031290686775,"2.1, 2.0",70.7031290686775
8.32050305738316,3.2420349464846754,70.7031290686775,"8.5, 8.4",70.7031290686775
7.888303986033671,1.6839377323198768,70.7031290686775,"2.1, 2.0",70.7031290686775
7.504528315872045,2.8831620872468133,70.7031290686775,"2.1, 2.0",70.7031290686775
6.73320978592431,3.069574627313303,70.7031290686775,"2.1, 2.0",70.7031290686775
7.818384432656958,3.1283703850351428,70.7031290686775,"8.5, 8.4",70.7031290686775
7.771281437739593,2.167321913608984,70.7031290686775,"2.1, 2.0",70.7031290686775
7.667010073096855,2.45972586762048,70.7031290686775,"2.1, 2.0",70.7031290686775
7.9744175959769255,2.749794947762061,70.7031290686775,"2.1, 2.0",70.7031290686775
8.249982774267853,3.037931945152578,70.7031290686775,"8.5, 8.4",70.7031290686775
7.326637324600636,1.8301867318191112,70.7031290686775,"2.1, 2.0",70.7031290686775
7.681374862019929,2.765004886447462,70.7031290686775,"2.1, 2.0",70.7031290686775
7.261685416500726,2.710624717764011,70.7031290686775,"2.1, 2.0",70.7031290686775
7.977934928882754,3.0993818671224838,70.7031290686775,"8.5, 8.4",70.7031290686775
7.190649082464439,3.0029118526433685,70.7031290686775,"2.1, 2.0",70.7031290686775
7.380191594395422,1.8724762828850117,70.7031290686775,"2.1, 2.0",70.7031290686775
8.10446420914147,3.364207040741979,70.7031290686775,"8.5, 8.4",70.7031290686775
7.785357383435859,3.211622132627946,70.7031290686775,"8.5, 8.4",70.7031290686775
8.005338526062861,3.351324706733493,70.7031290686775,"8.5, 8.4",70.7031290686775
7.610942941215294,1.8820392079617365,70.7031290686775,"2.1, 2.0",70.7031290686775
8.128154827416301,2.9582927997695627,70.7031290686775,"8.5, 8.4",70.7031290686775
6.936661134658881,2.3390354325569906,70.7031290686775,"2.1, 2.0",70.7031290686775
7.737911764577731,2.447374980250813,70.7031290686775,"2.1, 2.0",70.7031290686775
7.736433459935844,3.294711856085959,70.7031290686775,"8.5, 8.4",70.7031290686775
7.650493692624495,1.444796868985072,70.7031290686775,"2.1, 2.0",70.7031290686775
7.985648236478147,1.7558220801045687,70.7031290686775,"2.1, 2.0",70.7031290686775
7.87905730909822,3.1667944037041984,70.7031290686775,"8.5, 8.4",70.7031290686775
7.836016638082227,1.9868215543343481,70.7031290686775,"2.1, 2.0",70.7031290686775
7.637313431406868,1.8207760263847528,70.7031290686775,"2.1, 2.0",70.7031290686775
8.754256296292697,4.036807896882198,70.7031290686775,"8.5, 8.4",70.7031290686775
7.6829786883136535,1.9995036990334458,70.7031290686775,"2.1, 2.0",70.7031290686775
7.968472658838167,3.0740449533795235,70.7031290686775,"8.5, 8.4",70.7031290686775
7.809088136118532,2.239456586864277,70.7031290686775,"2.1, 2.0",70.7031290686775
8.201053452485404,2.9651005841085007,70.7031290686775,"8.5, 8.4",70.7031290686775
7.425769369336051,2.9724829744014905,70.7031290686775,"2.1, 2.0",70.7031290686775
7.717764905728152,1.4034808368174512,70.7031290686775,"2.1, 2.0",70.7031290686775
7.669488055871472,1.4372123385367797,70.7031290686775,"2.1, 2.0",70.7031290686775
8.02528868280347,2.9521227642084624,70.7031290686775,"8.5, 8.4",70.7031290686775
7.991936375889503,3.094907480937119,70.7031290686775,"8.5, 8.4",70.7031290686775
7.670062604672122,1.9313466583189032,70.7031290686775,"2.1, 2.0",70.7031290686775
7.650281246068962,2.4033673863754625,70.7031290686775,"2.1, 2.0",70.7031290686775
7.553923621383552,2.1754336719788614,70.7031290686775,"2.1, 2.0",70.7031290686775
7.708423328350543,2.0766324232333933,70.7031290686775,"2.1, 2.0",70.7031290686775
8.240880215796135,3.434872389981348,70.7031290686775,"8.5, 8.4",70.7031290686775
7.960580214649541,3.010722585811927,70.7031290686775,"8.5, 8.4",70.7031290686775
7.267451265793139,2.5251651435379587,70.7031290686775,"2.1, 2.0",70.7031290686775
7.974906295939977,2.575967779273004,70.7031290686775,"2.1, 2.0",70.7031290686775
7.582163296314785,2.3603718777392,70.7031290686775,"2.1, 2.0",70.7031290686775
7.435024290426572,2.1664124227119674,70.7031290686775,"2.1, 2.0",70.7031290686775
7.799033982550297,2.2086488934755755,70.7031290686775,"2.1, 2.0",70.7031290686775
7.586385593027184,1.8040831645727051,70.7031290686775,"2.1, 2.0",70.7031290686775
7.550328935913166,2.1249441434144014,70.7031290686775,"2.1, 2.0",70.7031290686775
